path,type,likely_timeline,likely_stage,purpose,key_evidence,release_grade_evidence,historical_or_exploratory_only,superseded,cite_in_final_paper,caveats,confidence
.gitignore,unknown,unknown,,Unclassified tracked artifact.,,False,False,False,False,,low
.venv-kvpress312/bin/Activate.ps1,unknown,unknown,,Unclassified tracked artifact.,,False,False,False,False,,low
.venv-kvpress312/bin/accelerate,unknown,unknown,,Unclassified tracked artifact.,,False,False,False,False,,low
.venv-kvpress312/bin/accelerate-config,unknown,unknown,,Unclassified tracked artifact.,,False,False,False,False,,low
.venv-kvpress312/bin/accelerate-estimate-memory,unknown,unknown,,Unclassified tracked artifact.,,False,False,False,False,,low
.venv-kvpress312/bin/accelerate-launch,unknown,unknown,,Unclassified tracked artifact.,,False,False,False,False,,low
.venv-kvpress312/bin/accelerate-merge-weights,unknown,unknown,,Unclassified tracked artifact.,,False,False,False,False,,low
.venv-kvpress312/bin/activate,unknown,unknown,,Unclassified tracked artifact.,,False,False,False,False,,low
.venv-kvpress312/bin/activate.csh,unknown,unknown,,Unclassified tracked artifact.,,False,False,False,False,,low
.venv-kvpress312/bin/activate.fish,unknown,unknown,,Unclassified tracked artifact.,,False,False,False,False,,low
.venv-kvpress312/bin/datasets-cli,unknown,unknown,,Unclassified tracked artifact.,,False,False,False,False,,low
.venv-kvpress312/bin/f2py,unknown,unknown,,Unclassified tracked artifact.,,False,False,False,False,,low
.venv-kvpress312/bin/get_gprof,unknown,unknown,,Unclassified tracked artifact.,,False,False,False,False,,low
.venv-kvpress312/bin/get_objgraph,unknown,unknown,,Unclassified tracked artifact.,,False,False,False,False,,low
.venv-kvpress312/bin/hf,unknown,unknown,,Unclassified tracked artifact.,,False,False,False,False,,low
.venv-kvpress312/bin/httpx,unknown,unknown,,Unclassified tracked artifact.,,False,False,False,False,,low
.venv-kvpress312/bin/huggingface-cli,unknown,unknown,,Unclassified tracked artifact.,,False,False,False,False,,low
.venv-kvpress312/bin/idna,unknown,unknown,,Unclassified tracked artifact.,,False,False,False,False,,low
.venv-kvpress312/bin/isympy,unknown,unknown,,Unclassified tracked artifact.,,False,False,False,False,,low
.venv-kvpress312/bin/markdown-it,unknown,unknown,,Unclassified tracked artifact.,,False,False,False,False,,low
.venv-kvpress312/bin/normalizer,unknown,unknown,,Unclassified tracked artifact.,,False,False,False,False,,low
.venv-kvpress312/bin/numpy-config,unknown,unknown,,Unclassified tracked artifact.,,False,False,False,False,,low
.venv-kvpress312/bin/pip,unknown,unknown,,Unclassified tracked artifact.,,False,False,False,False,,low
.venv-kvpress312/bin/pip3,unknown,unknown,,Unclassified tracked artifact.,,False,False,False,False,,low
.venv-kvpress312/bin/pip3.12,unknown,unknown,,Unclassified tracked artifact.,,False,False,False,False,,low
.venv-kvpress312/bin/py.test,unknown,unknown,,Unclassified tracked artifact.,,False,False,False,False,,low
.venv-kvpress312/bin/pygmentize,unknown,unknown,,Unclassified tracked artifact.,,False,False,False,False,,low
.venv-kvpress312/bin/pytest,unknown,unknown,,Unclassified tracked artifact.,,False,False,False,False,,low
.venv-kvpress312/bin/python,unknown,unknown,,Unclassified tracked artifact.,,False,False,False,False,,low
.venv-kvpress312/bin/python3,unknown,unknown,,Unclassified tracked artifact.,,False,False,False,False,,low
.venv-kvpress312/bin/python3.12,unknown,unknown,,Unclassified tracked artifact.,,False,False,False,False,,low
.venv-kvpress312/bin/tiny-agents,unknown,unknown,,Unclassified tracked artifact.,,False,False,False,False,,low
.venv-kvpress312/bin/torchfrtrace,unknown,unknown,,Unclassified tracked artifact.,,False,False,False,False,,low
.venv-kvpress312/bin/torchrun,unknown,unknown,,Unclassified tracked artifact.,,False,False,False,False,,low
.venv-kvpress312/bin/tqdm,unknown,unknown,,Unclassified tracked artifact.,,False,False,False,False,,low
.venv-kvpress312/bin/transformers,unknown,unknown,,Unclassified tracked artifact.,,False,False,False,False,,low
.venv-kvpress312/bin/typer,unknown,unknown,,Unclassified tracked artifact.,,False,False,False,False,,low
.venv-kvpress312/bin/undill,unknown,unknown,,Unclassified tracked artifact.,,False,False,False,False,,low
.venv-kvpress312/bin/wheel,unknown,unknown,,Unclassified tracked artifact.,,False,False,False,False,,low
.venv-kvpress312/pyvenv.cfg,config,unknown,,Configuration / metadata file.,,False,False,False,False,,low
.venv-kvpress312/share/man/man1/isympy.1,unknown,unknown,,Unclassified tracked artifact.,,False,False,False,False,,low
Makefile,unknown,unknown,,Unclassified tracked artifact.,,False,False,False,False,,low
README.md,doc,unknown,,Documentation / supporting note.,,False,False,False,False,,low
benchmarks/prompts/code.jsonl,unknown,unknown,,Unclassified tracked artifact.,,False,False,False,False,,low
benchmarks/prompts/code_structured.jsonl,unknown,unknown,,Unclassified tracked artifact.,,False,False,False,False,,low
benchmarks/prompts/core.jsonl,unknown,unknown,,Unclassified tracked artifact.,,False,False,False,False,,low
benchmarks/prompts/core_v2.jsonl,unknown,unknown,,Unclassified tracked artifact.,,False,False,False,False,,low
benchmarks/prompts/long_context.jsonl,unknown,unknown,,Unclassified tracked artifact.,,False,False,False,False,,low
benchmarks/prompts/multilingual.jsonl,unknown,unknown,,Unclassified tracked artifact.,,False,False,False,False,,low
benchmarks/prompts/reasoning_math.jsonl,unknown,unknown,,Unclassified tracked artifact.,,False,False,False,False,,low
benchmarks/prompts/retrieval_copy.jsonl,unknown,unknown,,Unclassified tracked artifact.,,False,False,False,False,,low
benchmarks/prompts/smoke.jsonl,unknown,unknown,,Unclassified tracked artifact.,,False,False,False,False,,low
benchmarks/prompts/stress.jsonl,unknown,unknown,,Unclassified tracked artifact.,,False,False,False,False,,low
benchmarks/prompts/structured.jsonl,unknown,unknown,,Unclassified tracked artifact.,,False,False,False,False,,low
benchmarks/prompts/tool_json.jsonl,unknown,unknown,,Unclassified tracked artifact.,,False,False,False,False,,low
docs/ARCHITECTURE.md,report_md,unknown,,Markdown report / design / claim document.,,False,False,False,False,,low
docs/ARTIFACT_INDEX.md,report_md,unknown,,Markdown report / design / claim document.,,False,False,False,True,,low
docs/BACKEND_ADAPTER_INTERFACE.md,report_md,unknown,,Markdown report / design / claim document.,,False,False,False,False,,low
docs/BENCHMARKS.md,report_md,unknown,,Markdown report / design / claim document.,,False,False,False,False,,low
docs/BENCHMARK_GAP_ANALYSIS.md,report_md,unknown,,Markdown report / design / claim document.,,False,False,False,False,,low
docs/CLAIMS_AUDIT.md,report_md,unknown,,Markdown report / design / claim document.,,False,False,False,False,,low
docs/CLAIM_BOUNDARIES.md,report_md,unknown,,Markdown report / design / claim document.,,True,False,False,True,,high
docs/COMPRESSOR_INTERFACE.md,report_md,unknown,,Markdown report / design / claim document.,,False,False,False,False,,low
docs/DEFERRED_WORK_REGISTER.md,report_md,unknown,,Markdown report / design / claim document.,,False,False,False,False,,low
docs/DEMO_EXACTKV_LIVE_CORRECTION.md,report_md,unknown,,Markdown report / design / claim document.,,False,False,False,False,,low
docs/DESIGN_DECISIONS.md,report_md,unknown,,Markdown report / design / claim document.,,False,False,False,False,,low
docs/DUAL_CACHE_ABSTRACTION.md,report_md,unknown,,Markdown report / design / claim document.,,False,False,False,False,,low
docs/EXACTKV_CRASH_TEST_VIDEO.md,report_md,unknown,,Markdown report / design / claim document.,,False,False,False,False,,low
docs/EXACTKV_TECHNICAL_REPORT.md,report_md,unknown,,Markdown report / design / claim document.,,True,False,False,True,,high
docs/EXACTKV_TECHNICAL_REPORT_OUTLINE.md,report_md,unknown,,Markdown report / design / claim document.,,False,False,False,False,,low
docs/EXACTKV_TERMINAL_CRASH_TEST.md,report_md,unknown,,Markdown report / design / claim document.,,False,False,False,False,,low
docs/EXACTKV_TERMINAL_LONGBENCH_DRIFT.md,report_md,unknown,,Markdown report / design / claim document.,,False,False,False,False,,low
docs/EXACTKV_THESIS.md,report_md,unknown,,Markdown report / design / claim document.,,False,False,False,False,,low
docs/EXISTING_WORK.md,report_md,unknown,,Markdown report / design / claim document.,,False,False,False,False,,low
docs/EXPERIMENTAL_RESTORED_VERIFIER_RUNTIME.md,report_md,unknown,,Markdown report / design / claim document.,,False,False,False,False,,low
docs/EXPERIMENT_001_SMOKE_SWEEP.md,report_md,V-lineage,Experiment (research arc),Markdown report / design / claim document.,,False,True,False,False,,medium
docs/EXPERIMENT_002_CORE_SWEEP.md,report_md,V-lineage,Experiment (research arc),Markdown report / design / claim document.,,False,True,False,False,,medium
docs/EXPERIMENT_003_ASYMMETRIC_KV_SWEEP.md,report_md,V-lineage,Experiment (research arc),Markdown report / design / claim document.,,False,True,False,False,,medium
docs/EXPERIMENT_003_ASYMMETRIC_KV_SWEEP_A40.md,report_md,V-lineage,Experiment (research arc),Markdown report / design / claim document.,,False,True,False,False,,medium
docs/EXPERIMENT_004_WORKSPACE_MEMORY.md,report_md,V-lineage,Experiment (research arc),Markdown report / design / claim document.,,False,True,False,False,,medium
docs/EXPERIMENT_005_KVPRESS_KNORM.md,report_md,V-lineage,Experiment (research arc),Markdown report / design / claim document.,,False,True,False,False,,medium
docs/EXPERIMENT_006A_DIVERGENCE_ANALYSIS.md,report_md,V-lineage,Experiment (research arc),Markdown report / design / claim document.,,False,True,False,False,,medium
docs/EXPERIMENT_006C_BOUNDARY_DEPTH_ABLATION.md,report_md,V-lineage,Experiment (research arc),Markdown report / design / claim document.,,False,True,False,False,,medium
docs/EXPERIMENT_006_LAYER_AWARE_V.md,report_md,V-lineage,Experiment (research arc),Markdown report / design / claim document.,,False,True,False,False,,medium
docs/EXPERIMENT_007_SERVING_CONTEXT.md,report_md,V-lineage,Experiment (research arc),Markdown report / design / claim document.,,False,True,False,False,,medium
docs/EXPERIMENT_008_TURBOQUANT_PYTHON.md,report_md,V-lineage,Experiment (research arc),Markdown report / design / claim document.,,False,True,False,False,,medium
docs/EXPERIMENT_009_KIVI_OFFLINE.md,report_md,V-lineage,Experiment (research arc),Markdown report / design / claim document.,,False,True,False,False,,medium
docs/EXPERIMENT_010_KVQUANT_SIM.md,report_md,V-lineage,Experiment (research arc),Markdown report / design / claim document.,,False,True,False,False,,medium
docs/EXPERIMENT_011_LARGER_MODEL_VALIDATION.md,report_md,V-lineage,Experiment (research arc),Markdown report / design / claim document.,,False,True,False,False,,medium
docs/EXPERIMENT_012_EVAL_SUITE_EXPANSION.md,report_md,V-lineage,Experiment (research arc),Markdown report / design / claim document.,,False,True,False,False,,medium
docs/EXPERIMENT_013_SENSITIVITY_FORENSICS.md,report_md,V-lineage,Experiment (research arc),Markdown report / design / claim document.,,False,True,False,False,,medium
docs/EXPERIMENT_014_REAL_BACKEND_SPOTCHECKS.md,report_md,V-lineage,Experiment (research arc),Markdown report / design / claim document.,,False,True,False,False,,medium
docs/EXPERIMENT_015_QWEN15B_V10_SUITES.md,report_md,V-lineage,Experiment (research arc),Markdown report / design / claim document.,,False,True,False,False,,medium
docs/EXPERIMENT_016_QWEN3B_V10_SUITES.md,report_md,V-lineage,Experiment (research arc),Markdown report / design / claim document.,,False,True,False,False,,medium
docs/EXPERIMENT_017_SERVING_SIDECAR_PROBE.md,report_md,V-lineage,Experiment (research arc),Markdown report / design / claim document.,,False,True,False,False,,medium
docs/EXPERIMENT_018_GPU_MEMORY_PILOT.md,report_md,V-lineage,Experiment (research arc),Markdown report / design / claim document.,,False,True,False,False,,medium
docs/EXPERIMENT_019_DIVERGENCE_AUTOPSY.md,report_md,V-lineage,Experiment (research arc),Markdown report / design / claim document.,,False,True,False,False,,medium
docs/EXPERIMENT_020_REPAIR_POLICY_PILOT.md,report_md,V-lineage,Experiment (research arc),Markdown report / design / claim document.,,False,True,False,False,,medium
docs/EXPERIMENT_022_TURBOQUANT_LLAMACPP_PROBE.md,report_md,V-lineage,Experiment (research arc),Markdown report / design / claim document.,,False,True,False,False,,medium
docs/EXPERIMENT_023_KVQUANT_LARGER_MODEL.md,report_md,V-lineage,Experiment (research arc),Markdown report / design / claim document.,,False,True,False,False,,medium
docs/EXPERIMENT_024_KIVI_CUDA_TRITON_FEASIBILITY.md,report_md,V-lineage,Experiment (research arc),Markdown report / design / claim document.,,False,True,False,False,,medium
docs/EXPERIMENT_025_FULL_SUITE_REPAIR_POLICY.md,report_md,V-lineage,Experiment (research arc),Markdown report / design / claim document.,,False,True,False,False,,medium
docs/EXPERIMENT_026_ATTENTION_LOGGING_FEASIBILITY.md,report_md,V-lineage,Experiment (research arc),Markdown report / design / claim document.,,False,True,False,False,,medium
docs/EXPERIMENT_027_PERFORMANCE_MEMORY_TRUTH_BOUNDARY.md,report_md,V-lineage,Experiment (research arc),Markdown report / design / claim document.,,False,True,False,False,,medium
docs/EXPERIMENT_028_SPAN_VERIFICATION_DESIGN.md,report_md,V-lineage,Experiment (research arc),Markdown report / design / claim document.,,False,True,False,False,,medium
docs/EXPERIMENT_028_SPAN_VERIFICATION_SMOKE.md,report_md,V-lineage,Experiment (research arc),Markdown report / design / claim document.,,False,True,False,False,,medium
docs/EXPERIMENT_029_SPAN_VERIFICATION_GRID.md,report_md,V-lineage,Experiment (research arc),Markdown report / design / claim document.,,False,True,False,False,,medium
docs/EXPERIMENT_030B_SPAN_PARITY_INVESTIGATION.md,report_md,V-lineage,Experiment (research arc),Markdown report / design / claim document.,,False,True,False,False,,medium
docs/EXPERIMENT_030_DIAGNOSTIC_TIMING.md,report_md,V-lineage,Experiment (research arc),Markdown report / design / claim document.,,False,True,False,False,,medium
docs/EXPERIMENT_031_GPU_MEMORY_ISOLATION.md,report_md,V-lineage,Experiment (research arc),Markdown report / design / claim document.,,False,True,False,False,,medium
docs/EXPERIMENT_032B_SNAPKV_EXPERIMENTAL_SMOKE.md,report_md,V-lineage,Experiment (research arc),Markdown report / design / claim document.,,False,True,False,False,,medium
docs/EXPERIMENT_032_ADDENDUM_SHARD_SPECTRALQUANT.md,report_md,V-lineage,Experiment (research arc),Markdown report / design / claim document.,,False,True,False,False,,medium
docs/EXPERIMENT_032_SNAPKV_SHARDKV_FEASIBILITY.md,report_md,V-lineage,Experiment (research arc),Markdown report / design / claim document.,,False,True,False,False,,medium
docs/EXPERIMENT_033_LLAMA31_8B_SMALL_SUITE.md,report_md,V-lineage,Experiment (research arc),Markdown report / design / claim document.,,False,True,False,False,,medium
docs/EXPERIMENT_034B_SEMANTIC_CORRECTION_SEARCH.md,report_md,V-lineage,Experiment (research arc),Markdown report / design / claim document.,,False,True,False,False,,medium
docs/EXPERIMENT_034_KILLER_CORRECTION_DEMO.md,report_md,V-lineage,Experiment (research arc),Markdown report / design / claim document.,,False,True,False,False,,medium
docs/EXPERIMENT_035_VISUAL_PLOTS_AND_LEADERBOARD.md,report_md,V-lineage,Experiment (research arc),Markdown report / design / claim document.,,False,True,False,False,,medium
docs/EXPERIMENT_037_LONGBENCH_STYLE_DRIFT_DEMO.md,report_md,V-lineage,Experiment (research arc),Markdown report / design / claim document.,,False,True,False,False,,medium
docs/EXPERIMENT_038_SHARD_EXTERNAL_DRAFTER_PROBE.md,report_md,V-lineage,Experiment (research arc),Markdown report / design / claim document.,,False,True,False,False,,medium
docs/EXPERIMENT_039_SHARD_EXTERNAL_STRESS_PANEL.md,report_md,V-lineage,Experiment (research arc),Markdown report / design / claim document.,,False,True,False,False,,medium
docs/EXPERIMENT_040_SHARD_EXTERNAL_ABLATION.md,report_md,V-lineage,Experiment (research arc),Markdown report / design / claim document.,,False,True,False,False,,medium
docs/EXPERIMENT_041_SHARD_COMBINED_STRESS.md,report_md,V-lineage,Experiment (research arc),Markdown report / design / claim document.,,False,True,False,False,,medium
docs/EXPERIMENT_042_SPECTRALQUANT_PROBE.md,report_md,V-lineage,Experiment (research arc),Markdown report / design / claim document.,,False,True,False,False,,medium
docs/EXPERIMENT_043_SPECTRALQUANT_REAL_KV_SMOKE.md,report_md,V-lineage,Experiment (research arc),Markdown report / design / claim document.,,False,True,False,False,,medium
docs/EXPERIMENT_044_SPECTRALQUANT_ADAPTER_SMOKE.md,report_md,V-lineage,Experiment (research arc),Markdown report / design / claim document.,,False,True,False,False,,medium
docs/EXPERIMENT_045_SPECTRALQUANT_RESTRICTED_PANEL.md,report_md,V-lineage,Experiment (research arc),Markdown report / design / claim document.,,False,True,False,False,,medium
docs/EXPERIMENT_046_FULL_KV_RESTORE_SMOKE.md,report_md,V-lineage,Experiment (research arc),Markdown report / design / claim document.,,False,True,False,False,,medium
docs/EXPERIMENT_047_FULL_KV_RESTORE_PANEL.md,report_md,V-lineage,Experiment (research arc),Markdown report / design / claim document.,,False,True,False,False,,medium
docs/EXPERIMENT_048_OFFLINE_VERIFIER_RESTORE_SMOKE.md,report_md,V-lineage,Experiment (research arc),Markdown report / design / claim document.,,False,True,False,False,,medium
docs/EXPERIMENT_049_OFFLINE_VERIFIER_LOSSY_DRAFT.md,report_md,V-lineage,Experiment (research arc),Markdown report / design / claim document.,,False,True,False,False,,medium
docs/EXPERIMENT_050_OFFLINE_RESTORED_VERIFIER_DRIFT_STRESS.md,report_md,V-lineage,Experiment (research arc),Markdown report / design / claim document.,,False,True,False,False,,medium
docs/EXPERIMENT_051_OFFLINE_VERIFIER_CUDA_DRIFT_PANEL.md,report_md,V-lineage,Experiment (research arc),Markdown report / design / claim document.,,False,True,False,False,,medium
docs/EXPERIMENT_052_RESTORED_VERIFIER_RUNNER_SMOKE.md,report_md,V-lineage,Experiment (research arc),Markdown report / design / claim document.,,False,True,False,False,,medium
docs/EXPERIMENT_053_RESTORED_VERIFIER_RUNNER_PANEL.md,report_md,V-lineage,Experiment (research arc),Markdown report / design / claim document.,,False,True,False,False,,medium
docs/EXPERIMENT_054_EXPERIMENTAL_RESTORED_VERIFIER_RUNTIME.md,report_md,V-lineage,Experiment (research arc),Markdown report / design / claim document.,,False,True,False,False,,medium
docs/EXPERIMENT_055_EXPERIMENTAL_RESTORED_VERIFIER_CLI.md,report_md,V-lineage,Experiment (research arc),Markdown report / design / claim document.,,False,True,False,False,,medium
docs/EXPERIMENT_056_CUDA_RESTORED_VERIFIER_RUNTIME_GATE.md,report_md,V-lineage,Experiment (research arc),Markdown report / design / claim document.,,False,True,False,False,,medium
docs/EXPERIMENT_057_GPU_MEMORY_ACCOUNTING.md,report_md,V-lineage,Experiment (research arc),Markdown report / design / claim document.,,False,True,False,False,,medium
docs/EXPERIMENT_058_EXPANDED_GPU_MEMORY_PANEL.md,report_md,V-lineage,Experiment (research arc),Markdown report / design / claim document.,,False,True,False,False,,medium
docs/EXPERIMENT_059_VLLM_FEASIBILITY_PROBE.md,report_md,V-lineage,Experiment (research arc),Markdown report / design / claim document.,,False,True,False,False,,medium
docs/EXPERIMENT_060_VLLM_VENV_FEASIBILITY.md,report_md,V-lineage,Experiment (research arc),Markdown report / design / claim document.,,False,True,False,False,,medium
docs/EXPERIMENT_061_VLLM_VERSION_SWEEP.md,report_md,V-lineage,Experiment (research arc),Markdown report / design / claim document.,,False,True,False,False,,medium
docs/EXPERIMENT_062_VLLM_CONTAINER_FEASIBILITY.md,report_md,V-lineage,Experiment (research arc),Markdown report / design / claim document.,,False,True,False,False,,medium
docs/EXPERIMENT_063_VLLM_API_SURFACE_RECON.md,report_md,V-lineage,Experiment (research arc),Markdown report / design / claim document.,,False,True,False,False,,medium
docs/EXPERIMENT_064_VLLM_KV_VISIBILITY_PROBE.md,report_md,V-lineage,Experiment (research arc),Markdown report / design / claim document.,,False,True,False,False,,medium
docs/EXPERIMENT_065_IDLE_VLLM_OBJECT_KV_PROBE.md,report_md,V-lineage,Experiment (research arc),Markdown report / design / claim document.,,False,True,False,False,,medium
docs/EXPERIMENT_066_STREAMING_QUANT_ATTENTION_FEASIBILITY.md,report_md,V-lineage,Experiment (research arc),Markdown report / design / claim document.,,False,True,False,False,,medium
docs/EXPERIMENT_067_HF_SINGLE_LAYER_ATTENTION_DRIFT.md,report_md,V-lineage,Experiment (research arc),Markdown report / design / claim document.,,False,True,False,False,,medium
docs/EXPERIMENT_068_QWEN_ROPE_LONG_CONTEXT_ATTENTION_PROBE.md,report_md,V-lineage,Experiment (research arc),Markdown report / design / claim document.,,False,True,False,False,,medium
docs/EXPERIMENT_069_MULTILAYER_ATTENTION_DRIFT_ACCUMULATION.md,report_md,V-lineage,Experiment (research arc),Markdown report / design / claim document.,,False,True,False,False,,medium
docs/EXPERIMENT_070_STREAMING_MULTILAYER_NUMERICS_AUDIT.md,report_md,V-lineage,Experiment (research arc),Markdown report / design / claim document.,,False,True,False,False,,medium
docs/EXPERIMENT_071_FULL_PREFIX_LOGIT_DRIFT_SMOKE.md,report_md,V-lineage,Experiment (research arc),Markdown report / design / claim document.,,False,True,False,False,,medium
docs/EXPERIMENT_072_FULL_DEPTH_DIVERGENCE_TRACE.md,report_md,V-lineage,Experiment (research arc),Markdown report / design / claim document.,,False,True,False,False,,medium
docs/EXPERIMENT_073_QWEN_FAMILY_DIVERGENCE_PANEL.md,report_md,V-lineage,Experiment (research arc),Markdown report / design / claim document.,,False,True,False,False,,medium
docs/EXPERIMENT_074_ATTENTION_TOLERANCE_POLICY_PANEL.md,report_md,V-lineage,Experiment (research arc),Markdown report / design / claim document.,,False,True,False,False,,medium
docs/EXPERIMENT_075_GENERATION_SHADOW_WIRING_REVIEW.md,report_md,V-lineage,Experiment (research arc),Markdown report / design / claim document.,,False,True,False,False,,medium
docs/EXPERIMENT_076_GENERATION_SHADOW_OBSERVER_SMOKE.md,report_md,V-lineage,Experiment (research arc),Markdown report / design / claim document.,,False,True,False,False,,medium
docs/EXPERIMENT_077_GENERATION_SHADOW_PROMPT_PLUS_GENERATED_PANEL.md,report_md,V-lineage,Experiment (research arc),Markdown report / design / claim document.,,False,True,False,False,,medium
docs/EXPERIMENT_078_GENERATION_SHADOW_EXPANDED_PANEL.md,report_md,V-lineage,Experiment (research arc),Markdown report / design / claim document.,,False,True,False,False,,medium
docs/EXPERIMENT_079_DECODE_PREFIX_LADDER_SHADOW_OBSERVER.md,report_md,V-lineage,Experiment (research arc),Markdown report / design / claim document.,,False,True,False,False,,medium
docs/EXPERIMENT_080_ROUND_LOG_SHADOW_OBSERVER.md,report_md,V-lineage,Experiment (research arc),Markdown report / design / claim document.,,False,True,False,False,,medium
docs/EXPERIMENT_081_LIVE_ROUND_OBSERVER_SMOKE.md,report_md,V-lineage,Experiment (research arc),Markdown report / design / claim document.,,False,True,False,False,,medium
docs/EXPERIMENT_082_LIVE_OBSERVER_SHADOW_PANEL.md,report_md,V-lineage,Experiment (research arc),Markdown report / design / claim document.,,False,True,False,False,,medium
docs/EXPERIMENT_083_GUARDED_DECODE_TIME_SHADOW_SMOKE.md,report_md,V-lineage,Experiment (research arc),Markdown report / design / claim document.,,False,True,False,False,,medium
docs/EXPERIMENT_084_GUARDED_DECODE_TIME_SHADOW_PANEL.md,report_md,V-lineage,Experiment (research arc),Markdown report / design / claim document.,,False,True,False,False,,medium
docs/EXPERIMENT_085_PHASE16_CLOSEOUT_SUMMARY.md,report_md,V-lineage,Experiment (research arc),Markdown report / design / claim document.,,False,True,False,False,,medium
docs/EXPERIMENT_086_CLAIM_SAFE_DEMO_PACKAGING.md,report_md,V-lineage,Experiment (research arc),Markdown report / design / claim document.,,False,True,False,False,,medium
docs/EXPERIMENT_087_BROADER_MODEL_VALIDATION_PANEL.md,report_md,V-lineage,Experiment (research arc),Markdown report / design / claim document.,,False,True,False,False,,medium
docs/EXPERIMENT_088_LONG_CONTEXT_VALIDATION_PANEL.md,report_md,V-lineage,Experiment (research arc),Markdown report / design / claim document.,,False,True,False,False,,medium
docs/EXPERIMENT_089_INTEGRATION_DESIGN_REVIEW.md,report_md,V-lineage,Experiment (research arc),Markdown report / design / claim document.,,False,True,False,False,,medium
docs/EXPERIMENT_090_INTEGRATION_SAFETY_SPEC.md,report_md,V-lineage,Experiment (research arc),Markdown report / design / claim document.,,False,True,False,False,,medium
docs/EXPERIMENT_091_GUARDED_DRAFT_SHADOW_NO_COMMIT_SCAFFOLD.md,report_md,V-lineage,Experiment (research arc),Markdown report / design / claim document.,,False,True,False,False,,medium
docs/EXPERIMENT_092_GUARDED_DRAFT_SHADOW_PANEL_VALIDATION.md,report_md,V-lineage,Experiment (research arc),Markdown report / design / claim document.,,False,True,False,False,,medium
docs/EXPERIMENT_093_SHADOW_TOP1_EXTRACTION_HARDENING.md,report_md,V-lineage,Experiment (research arc),Markdown report / design / claim document.,,False,True,False,False,,medium
docs/EXPERIMENT_094_SHADOW_PROPOSAL_PROVENANCE_AUDIT.md,report_md,V-lineage,Experiment (research arc),Markdown report / design / claim document.,,False,True,False,False,,medium
docs/EXPERIMENT_095_ROUND_LOG_DRAFT_PROPOSAL_SOURCE.md,report_md,V-lineage,Experiment (research arc),Markdown report / design / claim document.,,False,True,False,False,,medium
docs/EXPERIMENT_096_ROUND_LOG_PROPOSAL_SOURCE_COMPARISON_PANEL.md,report_md,V-lineage,Experiment (research arc),Markdown report / design / claim document.,,False,True,False,False,,medium
docs/EXPERIMENT_097_L3_PROMOTED_SOURCE_VALIDATION.md,report_md,V-lineage,Experiment (research arc),Markdown report / design / claim document.,,False,True,False,False,,medium
docs/EXPERIMENT_098_PRE_L4_SAFETY_GATE_REVIEW.md,report_md,V-lineage,Experiment (research arc),Markdown report / design / claim document.,,False,True,False,False,,medium
docs/EXPERIMENT_099_L4_VERIFIER_MEDIATED_DESIGN_SPEC.md,report_md,V-lineage,Experiment (research arc),Markdown report / design / claim document.,,False,True,False,False,,medium
docs/EXPERIMENT_100_L4_CONTRACT_TESTS_NO_RUNTIME.md,report_md,V-lineage,Experiment (research arc),Markdown report / design / claim document.,,False,True,False,False,,medium
docs/EXPERIMENT_101_L4_INTEGRATION_PLAN_REVIEW.md,report_md,V-lineage,Experiment (research arc),Markdown report / design / claim document.,,False,True,False,False,,medium
docs/EXPERIMENT_102_L4_NOOP_OPT_IN_SCAFFOLD.md,report_md,V-lineage,Experiment (research arc),Markdown report / design / claim document.,,False,True,False,False,,medium
docs/EXPERIMENT_103_L4_NOOP_SCAFFOLD_PANEL_VALIDATION.md,report_md,V-lineage,Experiment (research arc),Markdown report / design / claim document.,,False,True,False,False,,medium
docs/EXPERIMENT_104_L4_TRACE_ONLY_DRY_RUN_DESIGN.md,report_md,V-lineage,Experiment (research arc),Markdown report / design / claim document.,,False,True,False,False,,medium
docs/EXPERIMENT_105_L4_TRACE_ONLY_DRY_RUN_SCAFFOLD.md,report_md,V-lineage,Experiment (research arc),Markdown report / design / claim document.,,False,True,False,False,,medium
docs/EXPERIMENT_106_L4_TRACE_ONLY_DRY_RUN_PANEL_VALIDATION.md,report_md,V-lineage,Experiment (research arc),Markdown report / design / claim document.,,False,True,False,False,,medium
docs/EXPERIMENT_107_L4_VERIFIER_EVIDENCE_TRACE_SCHEMA_DESIGN.md,report_md,V-lineage,Experiment (research arc),Markdown report / design / claim document.,,False,True,False,False,,medium
docs/EXPERIMENT_108_L4_VERIFIER_EVIDENCE_TRACE_SCHEMA_SCAFFOLD.md,report_md,V-lineage,Experiment (research arc),Markdown report / design / claim document.,,False,True,False,False,,medium
docs/EXPERIMENT_109_L4_VERIFIER_TRACE_SCHEMA_EXAMPLE_VALIDATION.md,report_md,V-lineage,Experiment (research arc),Markdown report / design / claim document.,,False,True,False,False,,medium
docs/EXPERIMENT_110_L4_TRACE_SCHEMA_ADVERSARIAL_INJECTION_PANEL.md,report_md,V-lineage,Experiment (research arc),Markdown report / design / claim document.,,False,True,False,False,,medium
docs/EXPERIMENT_111_L4_VERIFIER_RUNTIME_INSTRUMENTATION_DESIGN.md,report_md,V-lineage,Experiment (research arc),Markdown report / design / claim document.,,False,True,False,False,,medium
docs/EXPERIMENT_112_L4_STAGE3_VERIFIER_MEDIATED_DRY_RUN_DESIGN.md,report_md,V-lineage,Experiment (research arc),Markdown report / design / claim document.,,False,True,False,False,,medium
docs/EXPERIMENT_113_L4_STAGE3_VERIFIER_MEDIATED_DRY_RUN_SCAFFOLD.md,report_md,V-lineage,Experiment (research arc),Markdown report / design / claim document.,,False,True,False,False,,medium
docs/EXPERIMENT_INDEX.md,report_md,unknown,,Markdown report / design / claim document.,,False,False,False,False,,low
docs/EXTENDED_VERIFICATION_SCHEDULER.md,report_md,unknown,,Markdown report / design / claim document.,,False,False,False,False,,low
docs/FULL_KV_STORAGE_MANAGER.md,report_md,unknown,,Markdown report / design / claim document.,,False,False,False,False,,low
docs/FUTURE_RESEARCH.md,report_md,unknown,,Markdown report / design / claim document.,,False,False,False,False,,low
docs/FUTURE_RESEARCH_ASYMMETRIC_KV.md,report_md,unknown,,Markdown report / design / claim document.,,False,False,False,False,,low
docs/FUTURE_ROADMAP_V6_V8.md,report_md,unknown,,Markdown report / design / claim document.,,False,False,False,False,,low
docs/GPU_MEMORY_METHODOLOGY.md,report_md,unknown,,Markdown report / design / claim document.,,False,False,False,False,,low
docs/HISTORICAL_ARTIFACT_INVENTORY.md,report_md,unknown,,Markdown report / design / claim document.,,False,False,False,True,,low
docs/IMPLEMENTATION_PLAN.md,report_md,unknown,,Markdown report / design / claim document.,,False,False,False,False,,low
docs/INSTALL.md,report_md,unknown,,Markdown report / design / claim document.,,False,False,False,False,,low
docs/KIVI_ADAPTER_PROTOTYPE.md,report_md,unknown,,Markdown report / design / claim document.,,False,False,False,False,,low
docs/KIVI_KVQUANT_INTEGRATION_RESEARCH.md,report_md,unknown,,Markdown report / design / claim document.,,False,False,False,False,,low
docs/KVPRESS_INTEGRATION_RESEARCH.md,report_md,unknown,,Markdown report / design / claim document.,,False,False,False,False,,low
docs/KVPRESS_KNORM_VALIDATION.md,report_md,unknown,,Markdown report / design / claim document.,,False,False,False,False,,low
docs/KVQUANT_ADAPTER_PROTOTYPE.md,report_md,unknown,,Markdown report / design / claim document.,,False,False,False,False,,low
docs/KVQUANT_RUNPOD_VALIDATION.md,report_md,unknown,,Markdown report / design / claim document.,,False,False,False,False,,low
docs/LAUNCH_NARRATIVE_DRAFT.md,launch_artifact,unknown,,Public launch / leaderboard surface.,,False,False,False,False,,low
docs/LAUNCH_READINESS_GAP_AUDIT.md,launch_artifact,unknown,,Public launch / leaderboard surface.,,False,False,False,False,,low
docs/LAUNCH_VALIDATION_REPORT.md,launch_artifact,unknown,,Public launch / leaderboard surface.,,False,False,False,False,,low
docs/LMCACHE_PROTOTYPE_PATH.md,report_md,unknown,,Markdown report / design / claim document.,,False,False,False,False,,low
docs/MATERIALIZED_COMPRESSED_DRAFT_BACKEND.md,report_md,unknown,,Markdown report / design / claim document.,,False,False,False,False,,low
docs/METRICS.md,report_md,unknown,,Markdown report / design / claim document.,,False,False,False,False,,low
docs/METRIC_DEFINITIONS.md,report_md,unknown,,Markdown report / design / claim document.,,True,False,False,True,,high
docs/NON_GOALS.md,report_md,unknown,,Markdown report / design / claim document.,,False,False,False,False,,low
docs/NOVELTY_AUDIT.md,report_md,unknown,,Markdown report / design / claim document.,,True,False,False,True,,high
docs/PAPER_LIKE_REPRODUCTION_PANEL.md,report_md,unknown,,Markdown report / design / claim document.,,False,False,False,False,,low
docs/PARALLEL_WORK_INTEGRATION_REPORT.md,report_md,unknown,,Markdown report / design / claim document.,,False,False,False,False,,low
docs/PHASE_10_EXTERNAL_METHODS_SUMMARY.md,report_md,Phase-lineage,Numbered phase 10 (safety/runtime ladder),Markdown report / design / claim document.,,False,False,False,False,,medium
docs/PHASE_16_CLOSEOUT.md,report_md,Phase-lineage,Numbered phase 16 (safety/runtime ladder),Markdown report / design / claim document.,,False,False,False,False,,medium
docs/PHASE_17B_BROADER_MODEL_VALIDATION.md,report_md,Phase-lineage,Numbered phase 17 (safety/runtime ladder),Markdown report / design / claim document.,,False,False,False,False,,medium
docs/PHASE_17C_LONG_CONTEXT_VALIDATION.md,report_md,Phase-lineage,Numbered phase 17 (safety/runtime ladder),Markdown report / design / claim document.,,False,False,False,False,,medium
docs/PHASE_17D_INTEGRATION_DESIGN_REVIEW.md,report_md,Phase-lineage,Numbered phase 17 (safety/runtime ladder),Markdown report / design / claim document.,,False,False,False,False,,medium
docs/PHASE_17_CLAIM_SAFE_DEMO.md,report_md,Phase-lineage,Numbered phase 17 (safety/runtime ladder),Markdown report / design / claim document.,,False,False,False,False,,medium
docs/PHASE_17_DEMO_SCRIPT.md,report_md,Phase-lineage,Numbered phase 17 (safety/runtime ladder),Markdown report / design / claim document.,,False,False,False,False,,medium
docs/PHASE_18A_INTEGRATION_SAFETY_SPEC.md,report_md,Phase-lineage,Numbered phase 18 (safety/runtime ladder),Markdown report / design / claim document.,,False,False,False,False,,medium
docs/PHASE_18B_GUARDED_DRAFT_SHADOW_NO_COMMIT.md,report_md,Phase-lineage,Numbered phase 18 (safety/runtime ladder),Markdown report / design / claim document.,,False,True,False,False,,medium
docs/PHASE_18C_GUARDED_DRAFT_SHADOW_PANEL_VALIDATION.md,report_md,Phase-lineage,Numbered phase 18 (safety/runtime ladder),Markdown report / design / claim document.,,False,True,False,False,,medium
docs/PHASE_18D_SHADOW_TOP1_EXTRACTION_HARDENING.md,report_md,Phase-lineage,Numbered phase 18 (safety/runtime ladder),Markdown report / design / claim document.,,False,True,False,False,,medium
docs/PHASE_18E_SHADOW_PROPOSAL_PROVENANCE_AUDIT.md,report_md,Phase-lineage,Numbered phase 18 (safety/runtime ladder),Markdown report / design / claim document.,,False,True,False,False,,medium
docs/PHASE_19A_ROUND_LOG_DRAFT_PROPOSAL_SOURCE.md,report_md,Phase-lineage,Numbered phase 19 (safety/runtime ladder),Markdown report / design / claim document.,,False,False,False,False,,medium
docs/PHASE_19B_ROUND_LOG_PROPOSAL_SOURCE_COMPARISON.md,report_md,Phase-lineage,Numbered phase 19 (safety/runtime ladder),Markdown report / design / claim document.,,False,False,False,False,,medium
docs/PHASE_19C_L3_PROMOTED_SOURCE_VALIDATION.md,report_md,Phase-lineage,Numbered phase 19 (safety/runtime ladder),Markdown report / design / claim document.,,False,False,False,False,,medium
docs/PHASE_20A_PRE_L4_SAFETY_GATE_REVIEW.md,report_md,Phase-lineage,Numbered phase 20 (safety/runtime ladder),Markdown report / design / claim document.,,False,False,False,False,,medium
docs/PHASE_20B_L4_VERIFIER_MEDIATED_DESIGN_SPEC.md,report_md,Phase-lineage,Numbered phase 20 (safety/runtime ladder),Markdown report / design / claim document.,,False,False,False,False,,medium
docs/PHASE_20C_L4_CONTRACT_TESTS_NO_RUNTIME.md,report_md,Phase-lineage,Numbered phase 20 (safety/runtime ladder),Markdown report / design / claim document.,,False,False,False,False,,medium
docs/PHASE_20D_L4_INTEGRATION_PLAN_REVIEW.md,report_md,Phase-lineage,Numbered phase 20 (safety/runtime ladder),Markdown report / design / claim document.,,False,False,False,False,,medium
docs/PHASE_21A_L4_NOOP_OPT_IN_SCAFFOLD.md,report_md,Phase-lineage,Numbered phase 21 (safety/runtime ladder),Markdown report / design / claim document.,,False,False,False,False,,medium
docs/PHASE_21B_L4_NOOP_SCAFFOLD_PANEL_VALIDATION.md,report_md,Phase-lineage,Numbered phase 21 (safety/runtime ladder),Markdown report / design / claim document.,,False,False,False,False,,medium
docs/PHASE_21C_L4_TRACE_ONLY_DRY_RUN_DESIGN.md,report_md,Phase-lineage,Numbered phase 21 (safety/runtime ladder),Markdown report / design / claim document.,,False,False,False,False,,medium
docs/PHASE_21D_L4_TRACE_ONLY_DRY_RUN_SCAFFOLD.md,report_md,Phase-lineage,Numbered phase 21 (safety/runtime ladder),Markdown report / design / claim document.,,False,False,False,False,,medium
docs/PHASE_21E_L4_TRACE_ONLY_DRY_RUN_PANEL_VALIDATION.md,report_md,Phase-lineage,Numbered phase 21 (safety/runtime ladder),Markdown report / design / claim document.,,False,False,False,False,,medium
docs/PHASE_21F_L4_VERIFIER_EVIDENCE_TRACE_SCHEMA_DESIGN.md,report_md,Phase-lineage,Numbered phase 21 (safety/runtime ladder),Markdown report / design / claim document.,,False,False,False,False,,medium
docs/PHASE_21G_L4_VERIFIER_EVIDENCE_TRACE_SCHEMA_SCAFFOLD.md,report_md,Phase-lineage,Numbered phase 21 (safety/runtime ladder),Markdown report / design / claim document.,,False,False,False,False,,medium
docs/PHASE_21H_L4_VERIFIER_TRACE_SCHEMA_EXAMPLE_VALIDATION.md,report_md,Phase-lineage,Numbered phase 21 (safety/runtime ladder),Markdown report / design / claim document.,,False,False,False,False,,medium
docs/PHASE_21I_L4_TRACE_SCHEMA_ADVERSARIAL_INJECTION_PANEL.md,report_md,Phase-lineage,Numbered phase 21 (safety/runtime ladder),Markdown report / design / claim document.,,False,False,False,False,,medium
docs/PHASE_21J_L4_VERIFIER_RUNTIME_INSTRUMENTATION_DESIGN.md,report_md,Phase-lineage,Numbered phase 21 (safety/runtime ladder),Markdown report / design / claim document.,,False,False,False,False,,medium
docs/PHASE_21K_L4_STAGE3_VERIFIER_MEDIATED_DRY_RUN_DESIGN.md,report_md,Phase-lineage,Numbered phase 21 (safety/runtime ladder),Markdown report / design / claim document.,,False,False,False,False,,medium
docs/PHASE_21L_L4_STAGE3_VERIFIER_MEDIATED_DRY_RUN_SCAFFOLD.md,report_md,Phase-lineage,Numbered phase 21 (safety/runtime ladder),Markdown report / design / claim document.,,False,False,False,False,,medium
docs/PRACTICALITY_GAP_ANALYSIS.md,report_md,unknown,,Markdown report / design / claim document.,,False,False,False,False,,low
docs/PRELAUNCH_HARDENING_PLAN.md,launch_artifact,unknown,,Public launch / leaderboard surface.,,False,False,False,False,,low
docs/PRELAUNCH_HARDENING_REPORT.md,launch_artifact,unknown,,Public launch / leaderboard surface.,,False,False,False,False,,low
docs/PRIVATE_FUTURE_POST_NOTES_EXPERIMENT_003.md,report_md,V-lineage,Experiment (research arc),Markdown report / design / claim document.,,False,True,False,False,,medium
docs/PROBLEM.md,report_md,unknown,,Markdown report / design / claim document.,,False,False,False,False,,low
docs/PROJECT_LINEAGE.md,report_md,unknown,,Markdown report / design / claim document.,,True,False,False,True,,high
docs/PROJECT_STATUS_V0.10.0.md,report_md,V-lineage,Versioned prototype milestone,Markdown report / design / claim document.,,False,True,False,False,,medium
docs/PROJECT_STATUS_V0.11.0.md,report_md,V-lineage,Versioned prototype milestone,Markdown report / design / claim document.,,False,True,False,False,,medium
docs/PROJECT_STATUS_V0.4.0.md,report_md,V-lineage,Versioned prototype milestone,Markdown report / design / claim document.,,False,True,False,False,,medium
docs/PROJECT_STATUS_V0.8.0.md,report_md,V-lineage,Versioned prototype milestone,Markdown report / design / claim document.,,False,True,False,False,,medium
docs/PROJECT_STATUS_V0.9.0.md,report_md,V-lineage,Versioned prototype milestone,Markdown report / design / claim document.,,False,True,False,False,,medium
docs/PUBLIC_VISUAL_PACKAGE.md,report_md,unknown,,Markdown report / design / claim document.,,False,False,False,False,,low
docs/QUICKSTART.md,report_md,unknown,,Markdown report / design / claim document.,,False,False,False,False,,low
docs/RAW_ARTIFACT_POLICY.md,report_md,unknown,,Markdown report / design / claim document.,,False,False,False,False,,low
docs/RELATED_WORK_KV_CACHE_COMPRESSION.md,report_md,unknown,,Markdown report / design / claim document.,,False,False,False,False,,low
docs/RELEASE_CHECKLIST.md,report_md,release gate,Gate R0/R1/R2,Markdown report / design / claim document.,,False,False,False,False,,medium
docs/RELEASE_EVIDENCE_STATUS.md,report_md,release gate,Gate R0/R1/R2,Markdown report / design / claim document.,,True,False,False,True,,high
docs/RELEASE_NOTES_V0.10.0.md,report_md,V-lineage,Versioned prototype milestone,Markdown report / design / claim document.,,False,True,False,False,,medium
docs/RELEASE_NOTES_V0.11.0.md,report_md,V-lineage,Versioned prototype milestone,Markdown report / design / claim document.,,False,True,False,False,,medium
docs/RELEASE_NOTES_V0.2.0.md,report_md,V-lineage,Versioned prototype milestone,Markdown report / design / claim document.,,False,True,False,False,,medium
docs/RELEASE_NOTES_V0.3.0.md,report_md,V-lineage,Versioned prototype milestone,Markdown report / design / claim document.,,False,True,False,False,,medium
docs/RELEASE_NOTES_V0.4.0.md,report_md,V-lineage,Versioned prototype milestone,Markdown report / design / claim document.,,False,True,False,False,,medium
docs/RELEASE_NOTES_V0.5.0.md,report_md,V-lineage,Versioned prototype milestone,Markdown report / design / claim document.,,False,True,False,False,,medium
docs/RELEASE_NOTES_V0.6.0.md,report_md,V-lineage,Versioned prototype milestone,Markdown report / design / claim document.,,False,True,False,False,,medium
docs/RELEASE_NOTES_V0.7.0.md,report_md,V-lineage,Versioned prototype milestone,Markdown report / design / claim document.,,False,True,False,False,,medium
docs/RELEASE_NOTES_V0.8.0.md,report_md,V-lineage,Versioned prototype milestone,Markdown report / design / claim document.,,False,True,False,False,,medium
docs/RELEASE_NOTES_V0.9.0.md,report_md,V-lineage,Versioned prototype milestone,Markdown report / design / claim document.,,False,True,False,False,,medium
docs/REMOTE_PREFIX_CACHE_SEMANTICS.md,report_md,unknown,,Markdown report / design / claim document.,,False,False,False,False,,low
docs/REPRODUCIBILITY.md,report_md,unknown,,Markdown report / design / claim document.,,False,False,False,True,,low
docs/REPRO_CHECKLIST.md,report_md,unknown,,Markdown report / design / claim document.,,False,False,False,False,,low
docs/RESEARCH.md,report_md,unknown,,Markdown report / design / claim document.,,False,False,False,False,,low
docs/RESEARCH_BACKLOG.md,report_md,unknown,,Markdown report / design / claim document.,,False,False,False,False,,low
docs/RESTORED_VERIFIER_RUNNER.md,report_md,unknown,,Markdown report / design / claim document.,,False,False,False,False,,low
docs/RESULTS_SUMMARY.md,report_md,unknown,,Markdown report / design / claim document.,,False,False,False,False,,low
docs/RISKS.md,report_md,unknown,,Markdown report / design / claim document.,,False,False,False,False,,low
docs/ROADMAP.md,report_md,unknown,,Markdown report / design / claim document.,,False,False,False,False,,low
docs/SERVING_CACHE_LIFECYCLE_HARNESS.md,report_md,unknown,,Markdown report / design / claim document.,,False,True,False,False,,low
docs/SERVING_CONTEXT_FEASIBILITY.md,report_md,unknown,,Markdown report / design / claim document.,,False,True,False,False,,low
docs/SERVING_SIDECAR_PROBE_REFRESH.md,report_md,unknown,,Markdown report / design / claim document.,,False,True,False,False,,low
docs/SPAN_VERIFICATION_DESIGN.md,report_md,unknown,,Markdown report / design / claim document.,,False,False,False,False,,low
docs/THESIS.md,report_md,unknown,,Markdown report / design / claim document.,,False,False,False,False,,low
docs/THROUGHPUT_BENCHMARK_HARNESS.md,report_md,unknown,,Markdown report / design / claim document.,,False,False,False,False,,low
docs/TURBOQUANT_ADAPTER_PROTOTYPE.md,report_md,unknown,,Markdown report / design / claim document.,,False,False,False,False,,low
docs/TURBOQUANT_INTEGRATION_RESEARCH.md,report_md,unknown,,Markdown report / design / claim document.,,False,False,False,False,,low
docs/TURBOQUANT_PRODUCTION_FIDELITY_FEASIBILITY.md,report_md,unknown,,Markdown report / design / claim document.,,False,False,False,False,,low
docs/TURBOQUANT_PRODUCTION_TOOLCHAIN_PREP.md,report_md,unknown,,Markdown report / design / claim document.,,False,False,False,False,,low
docs/V10_PROMPT_SUITES.md,report_md,unknown,,Markdown report / design / claim document.,,False,False,False,False,,low
docs/V10_READINESS_ASSESSMENT.md,report_md,unknown,,Markdown report / design / claim document.,,False,False,False,False,,low
docs/V10_SCOPE_DRAFT.md,report_md,V-lineage,Versioned prototype milestone,Markdown report / design / claim document.,,False,True,False,False,,medium
docs/V10_SCOPE_STATEMENT.md,report_md,V-lineage,Versioned prototype milestone,Markdown report / design / claim document.,,False,True,False,False,,medium
docs/V11_LAUNCH_READINESS.md,launch_artifact,unknown,,Public launch / leaderboard surface.,,False,False,False,False,,low
docs/V11_SCOPE_STATEMENT.md,report_md,V-lineage,Versioned prototype milestone,Markdown report / design / claim document.,,False,True,False,False,,medium
docs/V12_SCOPE_STATEMENT.md,report_md,V-lineage,Versioned prototype milestone,Markdown report / design / claim document.,,False,True,False,False,,medium
docs/V13_SCOPE_STATEMENT.md,report_md,V-lineage,Versioned prototype milestone,Markdown report / design / claim document.,,False,True,False,False,,medium
docs/V1_SCOPE_STATEMENT.md,report_md,V-lineage,Versioned prototype milestone,Markdown report / design / claim document.,,False,True,False,False,,medium
docs/V2_SCOPE_STATEMENT.md,report_md,V-lineage,Versioned prototype milestone,Markdown report / design / claim document.,,False,True,False,False,,medium
docs/V3_SCOPE_STATEMENT.md,report_md,V-lineage,Versioned prototype milestone,Markdown report / design / claim document.,,False,True,False,False,,medium
docs/V4_SCOPE_STATEMENT.md,report_md,V-lineage,Versioned prototype milestone,Markdown report / design / claim document.,,False,True,False,False,,medium
docs/V5_SCOPE_DRAFT.md,report_md,V-lineage,Versioned prototype milestone,Markdown report / design / claim document.,,False,True,False,False,,medium
docs/V5_SCOPE_STATEMENT.md,report_md,V-lineage,Versioned prototype milestone,Markdown report / design / claim document.,,False,True,False,False,,medium
docs/V6_SCOPE_STATEMENT.md,report_md,V-lineage,Versioned prototype milestone,Markdown report / design / claim document.,,False,True,False,False,,medium
docs/V7_SCOPE_STATEMENT.md,report_md,V-lineage,Versioned prototype milestone,Markdown report / design / claim document.,,False,True,False,False,,medium
docs/V8_SCOPE_STATEMENT.md,report_md,V-lineage,Versioned prototype milestone,Markdown report / design / claim document.,,False,True,False,False,,medium
docs/V9_SCOPE_STATEMENT.md,report_md,V-lineage,Versioned prototype milestone,Markdown report / design / claim document.,,False,True,False,False,,medium
docs/VERICACHE_ANALYSIS.md,report_md,unknown,,Markdown report / design / claim document.,,False,False,False,False,,low
docs/VERICACHE_PARITY_AUDIT.md,report_md,unknown,,Markdown report / design / claim document.,,False,False,False,False,,low
docs/VERICACHE_PARITY_CLAIM_GATE.md,report_md,unknown,,Markdown report / design / claim document.,,False,False,False,False,,low
docs/VERICACHE_SYSTEMS_ROADMAP.md,report_md,unknown,,Markdown report / design / claim document.,,False,False,False,False,,low
docs/VERIFICATION_ENGINE.md,report_md,unknown,,Markdown report / design / claim document.,,False,False,False,False,,low
docs/VERSION_LINEAGE.md,report_md,unknown,,Markdown report / design / claim document.,,True,False,False,True,,high
docs/VISION.md,report_md,unknown,,Markdown report / design / claim document.,,False,False,False,False,,low
docs/VLLM_PROTOTYPE_PATH.md,report_md,unknown,,Markdown report / design / claim document.,,False,True,False,False,,low
docs/assets/benchmark_gap_matrix.md,report_md,unknown,,Markdown report / design / claim document.,,False,False,False,False,,low
docs/assets/demo_exactkv_live_correction_script.md,report_md,unknown,,Markdown report / design / claim document.,,False,False,False,False,,low
docs/assets/exactkv_crash_test_demo.html,doc,unknown,,Documentation / supporting note.,,False,False,False,False,,low
docs/assets/exactkv_crash_test_demo.mp4,plot,unknown,,Visual asset (plot/figure/video frame).,,False,False,False,False,,low
docs/assets/exactkv_crash_test_frames/frame_00001.png,plot,unknown,,Visual asset (plot/figure/video frame).,,False,False,False,False,,low
docs/assets/exactkv_crash_test_frames/frame_00002.png,plot,unknown,,Visual asset (plot/figure/video frame).,,False,False,False,False,,low
docs/assets/exactkv_crash_test_frames/frame_00003.png,plot,unknown,,Visual asset (plot/figure/video frame).,,False,False,False,False,,low
docs/assets/exactkv_crash_test_frames/frame_00004.png,plot,unknown,,Visual asset (plot/figure/video frame).,,False,False,False,False,,low
docs/assets/exactkv_crash_test_frames/frame_00005.png,plot,unknown,,Visual asset (plot/figure/video frame).,,False,False,False,False,,low
docs/assets/exactkv_crash_test_frames/frame_00006.png,plot,unknown,,Visual asset (plot/figure/video frame).,,False,False,False,False,,low
docs/assets/exactkv_crash_test_frames/frame_00007.png,plot,unknown,,Visual asset (plot/figure/video frame).,,False,False,False,False,,low
docs/assets/exactkv_crash_test_frames/frame_00008.png,plot,unknown,,Visual asset (plot/figure/video frame).,,False,False,False,False,,low
docs/assets/exactkv_crash_test_frames/frame_00009.png,plot,unknown,,Visual asset (plot/figure/video frame).,,False,False,False,False,,low
docs/assets/exactkv_crash_test_frames/frame_00010.png,plot,unknown,,Visual asset (plot/figure/video frame).,,False,False,False,False,,low
docs/assets/exactkv_crash_test_frames/frame_00011.png,plot,unknown,,Visual asset (plot/figure/video frame).,,False,False,False,False,,low
docs/assets/exactkv_crash_test_frames/frame_00012.png,plot,unknown,,Visual asset (plot/figure/video frame).,,False,False,False,False,,low
docs/assets/exactkv_crash_test_frames/frame_00013.png,plot,unknown,,Visual asset (plot/figure/video frame).,,False,False,False,False,,low
docs/assets/exactkv_crash_test_frames/frame_00014.png,plot,unknown,,Visual asset (plot/figure/video frame).,,False,False,False,False,,low
docs/assets/exactkv_crash_test_frames/frame_00015.png,plot,unknown,,Visual asset (plot/figure/video frame).,,False,False,False,False,,low
docs/assets/exactkv_crash_test_frames/frame_00016.png,plot,unknown,,Visual asset (plot/figure/video frame).,,False,False,False,False,,low
docs/assets/exactkv_crash_test_frames/frame_00017.png,plot,unknown,,Visual asset (plot/figure/video frame).,,False,False,False,False,,low
docs/assets/exactkv_crash_test_frames/frame_00018.png,plot,unknown,,Visual asset (plot/figure/video frame).,,False,False,False,False,,low
docs/assets/exactkv_crash_test_frames/frame_00019.png,plot,unknown,,Visual asset (plot/figure/video frame).,,False,False,False,False,,low
docs/assets/exactkv_crash_test_frames/frame_00020.png,plot,unknown,,Visual asset (plot/figure/video frame).,,False,False,False,False,,low
docs/assets/exactkv_crash_test_frames/frame_00021.png,plot,unknown,,Visual asset (plot/figure/video frame).,,False,False,False,False,,low
docs/assets/exactkv_crash_test_frames/frame_00022.png,plot,unknown,,Visual asset (plot/figure/video frame).,,False,False,False,False,,low
docs/assets/exactkv_crash_test_frames/frame_00023.png,plot,unknown,,Visual asset (plot/figure/video frame).,,False,False,False,False,,low
docs/assets/exactkv_crash_test_frames/frame_00024.png,plot,unknown,,Visual asset (plot/figure/video frame).,,False,False,False,False,,low
docs/assets/exactkv_crash_test_frames/frame_00025.png,plot,unknown,,Visual asset (plot/figure/video frame).,,False,False,False,False,,low
docs/assets/exactkv_crash_test_frames/frame_00026.png,plot,unknown,,Visual asset (plot/figure/video frame).,,False,False,False,False,,low
docs/assets/exactkv_crash_test_frames/frame_00027.png,plot,unknown,,Visual asset (plot/figure/video frame).,,False,False,False,False,,low
docs/assets/exactkv_crash_test_frames/frame_00028.png,plot,unknown,,Visual asset (plot/figure/video frame).,,False,False,False,False,,low
docs/assets/exactkv_crash_test_frames/frame_00029.png,plot,unknown,,Visual asset (plot/figure/video frame).,,False,False,False,False,,low
docs/assets/exactkv_crash_test_frames/frame_00030.png,plot,unknown,,Visual asset (plot/figure/video frame).,,False,False,False,False,,low
docs/assets/exactkv_crash_test_frames/frame_00031.png,plot,unknown,,Visual asset (plot/figure/video frame).,,False,False,False,False,,low
docs/assets/exactkv_crash_test_frames/frame_00032.png,plot,unknown,,Visual asset (plot/figure/video frame).,,False,False,False,False,,low
docs/assets/exactkv_crash_test_frames/frame_00033.png,plot,unknown,,Visual asset (plot/figure/video frame).,,False,False,False,False,,low
docs/assets/exactkv_crash_test_frames/frame_00034.png,plot,unknown,,Visual asset (plot/figure/video frame).,,False,False,False,False,,low
docs/assets/exactkv_crash_test_frames/frame_00035.png,plot,unknown,,Visual asset (plot/figure/video frame).,,False,False,False,False,,low
docs/assets/exactkv_crash_test_frames/frame_00036.png,plot,unknown,,Visual asset (plot/figure/video frame).,,False,False,False,False,,low
docs/assets/exactkv_crash_test_frames/frame_00037.png,plot,unknown,,Visual asset (plot/figure/video frame).,,False,False,False,False,,low
docs/assets/exactkv_crash_test_frames/frame_00038.png,plot,unknown,,Visual asset (plot/figure/video frame).,,False,False,False,False,,low
docs/assets/exactkv_crash_test_frames/frame_00039.png,plot,unknown,,Visual asset (plot/figure/video frame).,,False,False,False,False,,low
docs/assets/exactkv_crash_test_frames/frame_00040.png,plot,unknown,,Visual asset (plot/figure/video frame).,,False,False,False,False,,low
docs/assets/exactkv_crash_test_frames/frame_00041.png,plot,unknown,,Visual asset (plot/figure/video frame).,,False,False,False,False,,low
docs/assets/exactkv_crash_test_frames/frame_00042.png,plot,unknown,,Visual asset (plot/figure/video frame).,,False,False,False,False,,low
docs/assets/exactkv_crash_test_frames/frame_00043.png,plot,unknown,,Visual asset (plot/figure/video frame).,,False,False,False,False,,low
docs/assets/exactkv_crash_test_frames/frame_00044.png,plot,unknown,,Visual asset (plot/figure/video frame).,,False,False,False,False,,low
docs/assets/exactkv_crash_test_frames/frame_00045.png,plot,unknown,,Visual asset (plot/figure/video frame).,,False,False,False,False,,low
docs/assets/exactkv_crash_test_frames/frame_00046.png,plot,unknown,,Visual asset (plot/figure/video frame).,,False,False,False,False,,low
docs/assets/exactkv_crash_test_frames/frame_00047.png,plot,unknown,,Visual asset (plot/figure/video frame).,,False,False,False,False,,low
docs/assets/exactkv_crash_test_frames/frame_00048.png,plot,unknown,,Visual asset (plot/figure/video frame).,,False,False,False,False,,low
docs/assets/exactkv_crash_test_frames/frame_00049.png,plot,unknown,,Visual asset (plot/figure/video frame).,,False,False,False,False,,low
docs/assets/exactkv_crash_test_frames/frame_00050.png,plot,unknown,,Visual asset (plot/figure/video frame).,,False,False,False,False,,low
docs/assets/exactkv_crash_test_frames/frame_00051.png,plot,unknown,,Visual asset (plot/figure/video frame).,,False,False,False,False,,low
docs/assets/exactkv_crash_test_frames/frame_00052.png,plot,unknown,,Visual asset (plot/figure/video frame).,,False,False,False,False,,low
docs/assets/exactkv_crash_test_frames/frame_00053.png,plot,unknown,,Visual asset (plot/figure/video frame).,,False,False,False,False,,low
docs/assets/exactkv_crash_test_frames/frame_00054.png,plot,unknown,,Visual asset (plot/figure/video frame).,,False,False,False,False,,low
docs/assets/exactkv_crash_test_frames/frame_00055.png,plot,unknown,,Visual asset (plot/figure/video frame).,,False,False,False,False,,low
docs/assets/exactkv_crash_test_frames/frame_00056.png,plot,unknown,,Visual asset (plot/figure/video frame).,,False,False,False,False,,low
docs/assets/exactkv_crash_test_frames/frame_00057.png,plot,unknown,,Visual asset (plot/figure/video frame).,,False,False,False,False,,low
docs/assets/exactkv_crash_test_frames/frame_00058.png,plot,unknown,,Visual asset (plot/figure/video frame).,,False,False,False,False,,low
docs/assets/exactkv_crash_test_frames/frame_00059.png,plot,unknown,,Visual asset (plot/figure/video frame).,,False,False,False,False,,low
docs/assets/exactkv_crash_test_frames/frame_00060.png,plot,unknown,,Visual asset (plot/figure/video frame).,,False,False,False,False,,low
docs/assets/exactkv_crash_test_frames/frame_00061.png,plot,unknown,,Visual asset (plot/figure/video frame).,,False,False,False,False,,low
docs/assets/exactkv_crash_test_frames/frame_00062.png,plot,unknown,,Visual asset (plot/figure/video frame).,,False,False,False,False,,low
docs/assets/exactkv_crash_test_frames/frame_00063.png,plot,unknown,,Visual asset (plot/figure/video frame).,,False,False,False,False,,low
docs/assets/exactkv_crash_test_frames/frame_00064.png,plot,unknown,,Visual asset (plot/figure/video frame).,,False,False,False,False,,low
docs/assets/exactkv_crash_test_frames/frame_00065.png,plot,unknown,,Visual asset (plot/figure/video frame).,,False,False,False,False,,low
docs/assets/exactkv_crash_test_frames/frame_00066.png,plot,unknown,,Visual asset (plot/figure/video frame).,,False,False,False,False,,low
docs/assets/exactkv_crash_test_frames/frame_00067.png,plot,unknown,,Visual asset (plot/figure/video frame).,,False,False,False,False,,low
docs/assets/exactkv_crash_test_frames/frame_00068.png,plot,unknown,,Visual asset (plot/figure/video frame).,,False,False,False,False,,low
docs/assets/exactkv_crash_test_frames/frame_00069.png,plot,unknown,,Visual asset (plot/figure/video frame).,,False,False,False,False,,low
docs/assets/exactkv_crash_test_frames/frame_00070.png,plot,unknown,,Visual asset (plot/figure/video frame).,,False,False,False,False,,low
docs/assets/exactkv_crash_test_frames/frame_00071.png,plot,unknown,,Visual asset (plot/figure/video frame).,,False,False,False,False,,low
docs/assets/exactkv_crash_test_frames/frame_00072.png,plot,unknown,,Visual asset (plot/figure/video frame).,,False,False,False,False,,low
docs/assets/exactkv_crash_test_frames/frame_00073.png,plot,unknown,,Visual asset (plot/figure/video frame).,,False,False,False,False,,low
docs/assets/exactkv_crash_test_frames/frame_00074.png,plot,unknown,,Visual asset (plot/figure/video frame).,,False,False,False,False,,low
docs/assets/exactkv_crash_test_frames/frame_00075.png,plot,unknown,,Visual asset (plot/figure/video frame).,,False,False,False,False,,low
docs/assets/exactkv_crash_test_frames/frame_00076.png,plot,unknown,,Visual asset (plot/figure/video frame).,,False,False,False,False,,low
docs/assets/exactkv_crash_test_frames/frame_00077.png,plot,unknown,,Visual asset (plot/figure/video frame).,,False,False,False,False,,low
docs/assets/exactkv_crash_test_frames/frame_00078.png,plot,unknown,,Visual asset (plot/figure/video frame).,,False,False,False,False,,low
docs/assets/exactkv_crash_test_frames/frame_00079.png,plot,unknown,,Visual asset (plot/figure/video frame).,,False,False,False,False,,low
docs/assets/exactkv_crash_test_frames/frame_00080.png,plot,unknown,,Visual asset (plot/figure/video frame).,,False,False,False,False,,low
docs/assets/exactkv_crash_test_frames/frame_00081.png,plot,unknown,,Visual asset (plot/figure/video frame).,,False,False,False,False,,low
docs/assets/exactkv_crash_test_frames/frame_00082.png,plot,unknown,,Visual asset (plot/figure/video frame).,,False,False,False,False,,low
docs/assets/exactkv_crash_test_frames/frame_00083.png,plot,unknown,,Visual asset (plot/figure/video frame).,,False,False,False,False,,low
docs/assets/exactkv_crash_test_frames/frame_00084.png,plot,unknown,,Visual asset (plot/figure/video frame).,,False,False,False,False,,low
docs/assets/exactkv_crash_test_frames/frame_00085.png,plot,unknown,,Visual asset (plot/figure/video frame).,,False,False,False,False,,low
docs/assets/exactkv_crash_test_frames/frame_00086.png,plot,unknown,,Visual asset (plot/figure/video frame).,,False,False,False,False,,low
docs/assets/exactkv_crash_test_frames/frame_00087.png,plot,unknown,,Visual asset (plot/figure/video frame).,,False,False,False,False,,low
docs/assets/exactkv_crash_test_frames/frame_00088.png,plot,unknown,,Visual asset (plot/figure/video frame).,,False,False,False,False,,low
docs/assets/exactkv_crash_test_frames/frame_00089.png,plot,unknown,,Visual asset (plot/figure/video frame).,,False,False,False,False,,low
docs/assets/exactkv_crash_test_frames/frame_00090.png,plot,unknown,,Visual asset (plot/figure/video frame).,,False,False,False,False,,low
docs/assets/exactkv_crash_test_frames/frame_00091.png,plot,unknown,,Visual asset (plot/figure/video frame).,,False,False,False,False,,low
docs/assets/exactkv_crash_test_frames/frame_00092.png,plot,unknown,,Visual asset (plot/figure/video frame).,,False,False,False,False,,low
docs/assets/exactkv_crash_test_frames/frame_00093.png,plot,unknown,,Visual asset (plot/figure/video frame).,,False,False,False,False,,low
docs/assets/exactkv_crash_test_frames/frame_00094.png,plot,unknown,,Visual asset (plot/figure/video frame).,,False,False,False,False,,low
docs/assets/exactkv_crash_test_frames/frame_00095.png,plot,unknown,,Visual asset (plot/figure/video frame).,,False,False,False,False,,low
docs/assets/exactkv_crash_test_frames/frame_00096.png,plot,unknown,,Visual asset (plot/figure/video frame).,,False,False,False,False,,low
docs/assets/exactkv_crash_test_frames/frame_00097.png,plot,unknown,,Visual asset (plot/figure/video frame).,,False,False,False,False,,low
docs/assets/exactkv_crash_test_frames/frame_00098.png,plot,unknown,,Visual asset (plot/figure/video frame).,,False,False,False,False,,low
docs/assets/exactkv_crash_test_frames/frame_00099.png,plot,unknown,,Visual asset (plot/figure/video frame).,,False,False,False,False,,low
docs/assets/exactkv_crash_test_frames/frame_00100.png,plot,unknown,,Visual asset (plot/figure/video frame).,,False,False,False,False,,low
docs/assets/exactkv_crash_test_frames/frame_00101.png,plot,unknown,,Visual asset (plot/figure/video frame).,,False,False,False,False,,low
docs/assets/exactkv_crash_test_frames/frame_00102.png,plot,unknown,,Visual asset (plot/figure/video frame).,,False,False,False,False,,low
docs/assets/exactkv_crash_test_frames/frame_00103.png,plot,unknown,,Visual asset (plot/figure/video frame).,,False,False,False,False,,low
docs/assets/exactkv_crash_test_frames/frame_00104.png,plot,unknown,,Visual asset (plot/figure/video frame).,,False,False,False,False,,low
docs/assets/exactkv_crash_test_frames/frame_00105.png,plot,unknown,,Visual asset (plot/figure/video frame).,,False,False,False,False,,low
docs/assets/exactkv_crash_test_frames/frame_00106.png,plot,unknown,,Visual asset (plot/figure/video frame).,,False,False,False,False,,low
docs/assets/exactkv_crash_test_frames/frame_00107.png,plot,unknown,,Visual asset (plot/figure/video frame).,,False,False,False,False,,low
docs/assets/exactkv_crash_test_frames/frame_00108.png,plot,unknown,,Visual asset (plot/figure/video frame).,,False,False,False,False,,low
docs/assets/exactkv_crash_test_frames/frame_00109.png,plot,unknown,,Visual asset (plot/figure/video frame).,,False,False,False,False,,low
docs/assets/exactkv_crash_test_frames/frame_00110.png,plot,unknown,,Visual asset (plot/figure/video frame).,,False,False,False,False,,low
docs/assets/exactkv_crash_test_frames/frame_00111.png,plot,unknown,,Visual asset (plot/figure/video frame).,,False,False,False,False,,low
docs/assets/exactkv_crash_test_frames/frame_00112.png,plot,unknown,,Visual asset (plot/figure/video frame).,,False,False,False,False,,low
docs/assets/exactkv_crash_test_frames/frame_00113.png,plot,unknown,,Visual asset (plot/figure/video frame).,,False,False,False,False,,low
docs/assets/exactkv_crash_test_frames/frame_00114.png,plot,unknown,,Visual asset (plot/figure/video frame).,,False,False,False,False,,low
docs/assets/exactkv_crash_test_frames/frame_00115.png,plot,unknown,,Visual asset (plot/figure/video frame).,,False,False,False,False,,low
docs/assets/exactkv_crash_test_frames/frame_00116.png,plot,unknown,,Visual asset (plot/figure/video frame).,,False,False,False,False,,low
docs/assets/exactkv_crash_test_frames/frame_00117.png,plot,unknown,,Visual asset (plot/figure/video frame).,,False,False,False,False,,low
docs/assets/exactkv_crash_test_frames/frame_00118.png,plot,unknown,,Visual asset (plot/figure/video frame).,,False,False,False,False,,low
docs/assets/exactkv_crash_test_frames/frame_00119.png,plot,unknown,,Visual asset (plot/figure/video frame).,,False,False,False,False,,low
docs/assets/exactkv_crash_test_frames/frame_00120.png,plot,unknown,,Visual asset (plot/figure/video frame).,,False,False,False,False,,low
docs/assets/exactkv_crash_test_frames/frame_00121.png,plot,unknown,,Visual asset (plot/figure/video frame).,,False,False,False,False,,low
docs/assets/exactkv_crash_test_frames/frame_00122.png,plot,unknown,,Visual asset (plot/figure/video frame).,,False,False,False,False,,low
docs/assets/exactkv_crash_test_frames/frame_00123.png,plot,unknown,,Visual asset (plot/figure/video frame).,,False,False,False,False,,low
docs/assets/exactkv_crash_test_frames/frame_00124.png,plot,unknown,,Visual asset (plot/figure/video frame).,,False,False,False,False,,low
docs/assets/exactkv_crash_test_frames/frame_00125.png,plot,unknown,,Visual asset (plot/figure/video frame).,,False,False,False,False,,low
docs/assets/exactkv_crash_test_frames/frame_00126.png,plot,unknown,,Visual asset (plot/figure/video frame).,,False,False,False,False,,low
docs/assets/exactkv_crash_test_frames/frame_00127.png,plot,unknown,,Visual asset (plot/figure/video frame).,,False,False,False,False,,low
docs/assets/exactkv_crash_test_frames/frame_00128.png,plot,unknown,,Visual asset (plot/figure/video frame).,,False,False,False,False,,low
docs/assets/exactkv_crash_test_frames/frame_00129.png,plot,unknown,,Visual asset (plot/figure/video frame).,,False,False,False,False,,low
docs/assets/exactkv_crash_test_frames/frame_00130.png,plot,unknown,,Visual asset (plot/figure/video frame).,,False,False,False,False,,low
docs/assets/exactkv_crash_test_frames/frame_00131.png,plot,unknown,,Visual asset (plot/figure/video frame).,,False,False,False,False,,low
docs/assets/exactkv_crash_test_frames/frame_00132.png,plot,unknown,,Visual asset (plot/figure/video frame).,,False,False,False,False,,low
docs/assets/exactkv_crash_test_frames/frame_00133.png,plot,unknown,,Visual asset (plot/figure/video frame).,,False,False,False,False,,low
docs/assets/exactkv_crash_test_frames/frame_00134.png,plot,unknown,,Visual asset (plot/figure/video frame).,,False,False,False,False,,low
docs/assets/exactkv_crash_test_frames/frame_00135.png,plot,unknown,,Visual asset (plot/figure/video frame).,,False,False,False,False,,low
docs/assets/exactkv_crash_test_frames/frame_00136.png,plot,unknown,,Visual asset (plot/figure/video frame).,,False,False,False,False,,low
docs/assets/exactkv_crash_test_frames/frame_00137.png,plot,unknown,,Visual asset (plot/figure/video frame).,,False,False,False,False,,low
docs/assets/exactkv_crash_test_frames/frame_00138.png,plot,unknown,,Visual asset (plot/figure/video frame).,,False,False,False,False,,low
docs/assets/exactkv_crash_test_frames/frame_00139.png,plot,unknown,,Visual asset (plot/figure/video frame).,,False,False,False,False,,low
docs/assets/exactkv_crash_test_frames/frame_00140.png,plot,unknown,,Visual asset (plot/figure/video frame).,,False,False,False,False,,low
docs/assets/exactkv_crash_test_frames/frame_00141.png,plot,unknown,,Visual asset (plot/figure/video frame).,,False,False,False,False,,low
docs/assets/exactkv_crash_test_frames/frame_00142.png,plot,unknown,,Visual asset (plot/figure/video frame).,,False,False,False,False,,low
docs/assets/exactkv_crash_test_frames/frame_00143.png,plot,unknown,,Visual asset (plot/figure/video frame).,,False,False,False,False,,low
docs/assets/exactkv_crash_test_frames/frame_00144.png,plot,unknown,,Visual asset (plot/figure/video frame).,,False,False,False,False,,low
docs/assets/exactkv_crash_test_frames/frame_00145.png,plot,unknown,,Visual asset (plot/figure/video frame).,,False,False,False,False,,low
docs/assets/exactkv_crash_test_frames/frame_00146.png,plot,unknown,,Visual asset (plot/figure/video frame).,,False,False,False,False,,low
docs/assets/exactkv_crash_test_frames/frame_00147.png,plot,unknown,,Visual asset (plot/figure/video frame).,,False,False,False,False,,low
docs/assets/exactkv_crash_test_frames/frame_00148.png,plot,unknown,,Visual asset (plot/figure/video frame).,,False,False,False,False,,low
docs/assets/exactkv_crash_test_frames/frame_00149.png,plot,unknown,,Visual asset (plot/figure/video frame).,,False,False,False,False,,low
docs/assets/exactkv_crash_test_frames/frame_00150.png,plot,unknown,,Visual asset (plot/figure/video frame).,,False,False,False,False,,low
docs/assets/exactkv_crash_test_frames/frame_00151.png,plot,unknown,,Visual asset (plot/figure/video frame).,,False,False,False,False,,low
docs/assets/exactkv_crash_test_frames/frame_00152.png,plot,unknown,,Visual asset (plot/figure/video frame).,,False,False,False,False,,low
docs/assets/exactkv_crash_test_frames/frame_00153.png,plot,unknown,,Visual asset (plot/figure/video frame).,,False,False,False,False,,low
docs/assets/exactkv_crash_test_frames/frame_00154.png,plot,unknown,,Visual asset (plot/figure/video frame).,,False,False,False,False,,low
docs/assets/exactkv_crash_test_frames/frame_00155.png,plot,unknown,,Visual asset (plot/figure/video frame).,,False,False,False,False,,low
docs/assets/exactkv_crash_test_frames/frame_00156.png,plot,unknown,,Visual asset (plot/figure/video frame).,,False,False,False,False,,low
docs/assets/exactkv_crash_test_frames/frame_00157.png,plot,unknown,,Visual asset (plot/figure/video frame).,,False,False,False,False,,low
docs/assets/exactkv_crash_test_frames/frame_00158.png,plot,unknown,,Visual asset (plot/figure/video frame).,,False,False,False,False,,low
docs/assets/exactkv_crash_test_frames/frame_00159.png,plot,unknown,,Visual asset (plot/figure/video frame).,,False,False,False,False,,low
docs/assets/exactkv_crash_test_frames/frame_00160.png,plot,unknown,,Visual asset (plot/figure/video frame).,,False,False,False,False,,low
docs/assets/exactkv_crash_test_frames/frame_00161.png,plot,unknown,,Visual asset (plot/figure/video frame).,,False,False,False,False,,low
docs/assets/exactkv_crash_test_frames/frame_00162.png,plot,unknown,,Visual asset (plot/figure/video frame).,,False,False,False,False,,low
docs/assets/exactkv_crash_test_frames/frame_00163.png,plot,unknown,,Visual asset (plot/figure/video frame).,,False,False,False,False,,low
docs/assets/exactkv_crash_test_frames/frame_00164.png,plot,unknown,,Visual asset (plot/figure/video frame).,,False,False,False,False,,low
docs/assets/exactkv_crash_test_frames/frame_00165.png,plot,unknown,,Visual asset (plot/figure/video frame).,,False,False,False,False,,low
docs/assets/exactkv_crash_test_frames/frame_00166.png,plot,unknown,,Visual asset (plot/figure/video frame).,,False,False,False,False,,low
docs/assets/exactkv_crash_test_frames/frame_00167.png,plot,unknown,,Visual asset (plot/figure/video frame).,,False,False,False,False,,low
docs/assets/exactkv_crash_test_frames/frame_00168.png,plot,unknown,,Visual asset (plot/figure/video frame).,,False,False,False,False,,low
docs/assets/exactkv_crash_test_frames/frame_00169.png,plot,unknown,,Visual asset (plot/figure/video frame).,,False,False,False,False,,low
docs/assets/exactkv_crash_test_frames/frame_00170.png,plot,unknown,,Visual asset (plot/figure/video frame).,,False,False,False,False,,low
docs/assets/exactkv_crash_test_frames/frame_00171.png,plot,unknown,,Visual asset (plot/figure/video frame).,,False,False,False,False,,low
docs/assets/exactkv_crash_test_frames/frame_00172.png,plot,unknown,,Visual asset (plot/figure/video frame).,,False,False,False,False,,low
docs/assets/exactkv_crash_test_frames/frame_00173.png,plot,unknown,,Visual asset (plot/figure/video frame).,,False,False,False,False,,low
docs/assets/exactkv_crash_test_frames/frame_00174.png,plot,unknown,,Visual asset (plot/figure/video frame).,,False,False,False,False,,low
docs/assets/exactkv_crash_test_frames/frame_00175.png,plot,unknown,,Visual asset (plot/figure/video frame).,,False,False,False,False,,low
docs/assets/exactkv_crash_test_frames/frame_00176.png,plot,unknown,,Visual asset (plot/figure/video frame).,,False,False,False,False,,low
docs/assets/exactkv_crash_test_frames/frame_00177.png,plot,unknown,,Visual asset (plot/figure/video frame).,,False,False,False,False,,low
docs/assets/exactkv_crash_test_frames/frame_00178.png,plot,unknown,,Visual asset (plot/figure/video frame).,,False,False,False,False,,low
docs/assets/exactkv_crash_test_frames/frame_00179.png,plot,unknown,,Visual asset (plot/figure/video frame).,,False,False,False,False,,low
docs/assets/exactkv_crash_test_frames/frame_00180.png,plot,unknown,,Visual asset (plot/figure/video frame).,,False,False,False,False,,low
docs/assets/exactkv_crash_test_frames/frame_00181.png,plot,unknown,,Visual asset (plot/figure/video frame).,,False,False,False,False,,low
docs/assets/exactkv_crash_test_frames/frame_00182.png,plot,unknown,,Visual asset (plot/figure/video frame).,,False,False,False,False,,low
docs/assets/exactkv_crash_test_frames/frame_00183.png,plot,unknown,,Visual asset (plot/figure/video frame).,,False,False,False,False,,low
docs/assets/exactkv_crash_test_frames/frame_00184.png,plot,unknown,,Visual asset (plot/figure/video frame).,,False,False,False,False,,low
docs/assets/exactkv_crash_test_frames/frame_00185.png,plot,unknown,,Visual asset (plot/figure/video frame).,,False,False,False,False,,low
docs/assets/exactkv_crash_test_frames/frame_00186.png,plot,unknown,,Visual asset (plot/figure/video frame).,,False,False,False,False,,low
docs/assets/exactkv_crash_test_frames/frame_00187.png,plot,unknown,,Visual asset (plot/figure/video frame).,,False,False,False,False,,low
docs/assets/exactkv_crash_test_frames/frame_00188.png,plot,unknown,,Visual asset (plot/figure/video frame).,,False,False,False,False,,low
docs/assets/exactkv_crash_test_frames/frame_00189.png,plot,unknown,,Visual asset (plot/figure/video frame).,,False,False,False,False,,low
docs/assets/exactkv_crash_test_frames/frame_00190.png,plot,unknown,,Visual asset (plot/figure/video frame).,,False,False,False,False,,low
docs/assets/exactkv_crash_test_frames/frame_00191.png,plot,unknown,,Visual asset (plot/figure/video frame).,,False,False,False,False,,low
docs/assets/exactkv_crash_test_frames/frame_00192.png,plot,unknown,,Visual asset (plot/figure/video frame).,,False,False,False,False,,low
docs/assets/exactkv_crash_test_frames/frame_00193.png,plot,unknown,,Visual asset (plot/figure/video frame).,,False,False,False,False,,low
docs/assets/exactkv_crash_test_frames/frame_00194.png,plot,unknown,,Visual asset (plot/figure/video frame).,,False,False,False,False,,low
docs/assets/exactkv_crash_test_frames/frame_00195.png,plot,unknown,,Visual asset (plot/figure/video frame).,,False,False,False,False,,low
docs/assets/exactkv_crash_test_frames/frame_00196.png,plot,unknown,,Visual asset (plot/figure/video frame).,,False,False,False,False,,low
docs/assets/exactkv_crash_test_frames/frame_00197.png,plot,unknown,,Visual asset (plot/figure/video frame).,,False,False,False,False,,low
docs/assets/exactkv_crash_test_frames/frame_00198.png,plot,unknown,,Visual asset (plot/figure/video frame).,,False,False,False,False,,low
docs/assets/exactkv_crash_test_frames/frame_00199.png,plot,unknown,,Visual asset (plot/figure/video frame).,,False,False,False,False,,low
docs/assets/exactkv_crash_test_frames/frame_00200.png,plot,unknown,,Visual asset (plot/figure/video frame).,,False,False,False,False,,low
docs/assets/exactkv_crash_test_frames/frame_00201.png,plot,unknown,,Visual asset (plot/figure/video frame).,,False,False,False,False,,low
docs/assets/exactkv_crash_test_frames/frame_00202.png,plot,unknown,,Visual asset (plot/figure/video frame).,,False,False,False,False,,low
docs/assets/exactkv_crash_test_frames/frame_00203.png,plot,unknown,,Visual asset (plot/figure/video frame).,,False,False,False,False,,low
docs/assets/exactkv_crash_test_frames/frame_00204.png,plot,unknown,,Visual asset (plot/figure/video frame).,,False,False,False,False,,low
docs/assets/exactkv_crash_test_frames/frame_00205.png,plot,unknown,,Visual asset (plot/figure/video frame).,,False,False,False,False,,low
docs/assets/exactkv_crash_test_frames/frame_00206.png,plot,unknown,,Visual asset (plot/figure/video frame).,,False,False,False,False,,low
docs/assets/exactkv_crash_test_frames/frame_00207.png,plot,unknown,,Visual asset (plot/figure/video frame).,,False,False,False,False,,low
docs/assets/exactkv_crash_test_frames/frame_00208.png,plot,unknown,,Visual asset (plot/figure/video frame).,,False,False,False,False,,low
docs/assets/exactkv_crash_test_frames/frame_00209.png,plot,unknown,,Visual asset (plot/figure/video frame).,,False,False,False,False,,low
docs/assets/exactkv_crash_test_frames/frame_00210.png,plot,unknown,,Visual asset (plot/figure/video frame).,,False,False,False,False,,low
docs/assets/exactkv_crash_test_frames/frame_00211.png,plot,unknown,,Visual asset (plot/figure/video frame).,,False,False,False,False,,low
docs/assets/exactkv_crash_test_frames/frame_00212.png,plot,unknown,,Visual asset (plot/figure/video frame).,,False,False,False,False,,low
docs/assets/exactkv_crash_test_frames/frame_00213.png,plot,unknown,,Visual asset (plot/figure/video frame).,,False,False,False,False,,low
docs/assets/exactkv_crash_test_frames/frame_00214.png,plot,unknown,,Visual asset (plot/figure/video frame).,,False,False,False,False,,low
docs/assets/exactkv_crash_test_frames/frame_00215.png,plot,unknown,,Visual asset (plot/figure/video frame).,,False,False,False,False,,low
docs/assets/exactkv_crash_test_frames/frame_00216.png,plot,unknown,,Visual asset (plot/figure/video frame).,,False,False,False,False,,low
docs/assets/exactkv_crash_test_frames/frame_00217.png,plot,unknown,,Visual asset (plot/figure/video frame).,,False,False,False,False,,low
docs/assets/exactkv_crash_test_frames/frame_00218.png,plot,unknown,,Visual asset (plot/figure/video frame).,,False,False,False,False,,low
docs/assets/exactkv_crash_test_frames/frame_00219.png,plot,unknown,,Visual asset (plot/figure/video frame).,,False,False,False,False,,low
docs/assets/exactkv_crash_test_frames/frame_00220.png,plot,unknown,,Visual asset (plot/figure/video frame).,,False,False,False,False,,low
docs/assets/exactkv_crash_test_frames/frame_00221.png,plot,unknown,,Visual asset (plot/figure/video frame).,,False,False,False,False,,low
docs/assets/exactkv_crash_test_frames/frame_00222.png,plot,unknown,,Visual asset (plot/figure/video frame).,,False,False,False,False,,low
docs/assets/exactkv_crash_test_frames/frame_00223.png,plot,unknown,,Visual asset (plot/figure/video frame).,,False,False,False,False,,low
docs/assets/exactkv_crash_test_frames/frame_00224.png,plot,unknown,,Visual asset (plot/figure/video frame).,,False,False,False,False,,low
docs/assets/exactkv_crash_test_frames/frame_00225.png,plot,unknown,,Visual asset (plot/figure/video frame).,,False,False,False,False,,low
docs/assets/exactkv_crash_test_frames/frame_00226.png,plot,unknown,,Visual asset (plot/figure/video frame).,,False,False,False,False,,low
docs/assets/exactkv_crash_test_frames/frame_00227.png,plot,unknown,,Visual asset (plot/figure/video frame).,,False,False,False,False,,low
docs/assets/exactkv_crash_test_frames/frame_00228.png,plot,unknown,,Visual asset (plot/figure/video frame).,,False,False,False,False,,low
docs/assets/exactkv_crash_test_frames/frame_00229.png,plot,unknown,,Visual asset (plot/figure/video frame).,,False,False,False,False,,low
docs/assets/exactkv_crash_test_frames/frame_00230.png,plot,unknown,,Visual asset (plot/figure/video frame).,,False,False,False,False,,low
docs/assets/exactkv_crash_test_frames/frame_00231.png,plot,unknown,,Visual asset (plot/figure/video frame).,,False,False,False,False,,low
docs/assets/exactkv_crash_test_frames/frame_00232.png,plot,unknown,,Visual asset (plot/figure/video frame).,,False,False,False,False,,low
docs/assets/exactkv_crash_test_frames/frame_00233.png,plot,unknown,,Visual asset (plot/figure/video frame).,,False,False,False,False,,low
docs/assets/exactkv_crash_test_frames/frame_00234.png,plot,unknown,,Visual asset (plot/figure/video frame).,,False,False,False,False,,low
docs/assets/exactkv_crash_test_frames/frame_00235.png,plot,unknown,,Visual asset (plot/figure/video frame).,,False,False,False,False,,low
docs/assets/exactkv_crash_test_frames/frame_00236.png,plot,unknown,,Visual asset (plot/figure/video frame).,,False,False,False,False,,low
docs/assets/exactkv_crash_test_frames/frame_00237.png,plot,unknown,,Visual asset (plot/figure/video frame).,,False,False,False,False,,low
docs/assets/exactkv_crash_test_frames/frame_00238.png,plot,unknown,,Visual asset (plot/figure/video frame).,,False,False,False,False,,low
docs/assets/exactkv_crash_test_frames/frame_00239.png,plot,unknown,,Visual asset (plot/figure/video frame).,,False,False,False,False,,low
docs/assets/exactkv_crash_test_frames/frame_00240.png,plot,unknown,,Visual asset (plot/figure/video frame).,,False,False,False,False,,low
docs/assets/exactkv_crash_test_frames/frame_00241.png,plot,unknown,,Visual asset (plot/figure/video frame).,,False,False,False,False,,low
docs/assets/exactkv_crash_test_frames/frame_00242.png,plot,unknown,,Visual asset (plot/figure/video frame).,,False,False,False,False,,low
docs/assets/exactkv_crash_test_frames/frame_00243.png,plot,unknown,,Visual asset (plot/figure/video frame).,,False,False,False,False,,low
docs/assets/exactkv_crash_test_frames/frame_00244.png,plot,unknown,,Visual asset (plot/figure/video frame).,,False,False,False,False,,low
docs/assets/exactkv_crash_test_frames/frame_00245.png,plot,unknown,,Visual asset (plot/figure/video frame).,,False,False,False,False,,low
docs/assets/exactkv_crash_test_frames/frame_00246.png,plot,unknown,,Visual asset (plot/figure/video frame).,,False,False,False,False,,low
docs/assets/exactkv_crash_test_frames/frame_00247.png,plot,unknown,,Visual asset (plot/figure/video frame).,,False,False,False,False,,low
docs/assets/exactkv_crash_test_frames/frame_00248.png,plot,unknown,,Visual asset (plot/figure/video frame).,,False,False,False,False,,low
docs/assets/exactkv_crash_test_frames/frame_00249.png,plot,unknown,,Visual asset (plot/figure/video frame).,,False,False,False,False,,low
docs/assets/exactkv_crash_test_frames/frame_00250.png,plot,unknown,,Visual asset (plot/figure/video frame).,,False,False,False,False,,low
docs/assets/exactkv_crash_test_frames/frame_00251.png,plot,unknown,,Visual asset (plot/figure/video frame).,,False,False,False,False,,low
docs/assets/exactkv_crash_test_frames/frame_00252.png,plot,unknown,,Visual asset (plot/figure/video frame).,,False,False,False,False,,low
docs/assets/exactkv_crash_test_frames/frame_00253.png,plot,unknown,,Visual asset (plot/figure/video frame).,,False,False,False,False,,low
docs/assets/exactkv_crash_test_frames/frame_00254.png,plot,unknown,,Visual asset (plot/figure/video frame).,,False,False,False,False,,low
docs/assets/exactkv_crash_test_frames/frame_00255.png,plot,unknown,,Visual asset (plot/figure/video frame).,,False,False,False,False,,low
docs/assets/exactkv_crash_test_frames/frame_00256.png,plot,unknown,,Visual asset (plot/figure/video frame).,,False,False,False,False,,low
docs/assets/exactkv_crash_test_frames/frame_00257.png,plot,unknown,,Visual asset (plot/figure/video frame).,,False,False,False,False,,low
docs/assets/exactkv_crash_test_frames/frame_00258.png,plot,unknown,,Visual asset (plot/figure/video frame).,,False,False,False,False,,low
docs/assets/exactkv_crash_test_frames/frame_00259.png,plot,unknown,,Visual asset (plot/figure/video frame).,,False,False,False,False,,low
docs/assets/exactkv_crash_test_frames/frame_00260.png,plot,unknown,,Visual asset (plot/figure/video frame).,,False,False,False,False,,low
docs/assets/exactkv_crash_test_frames/frame_00261.png,plot,unknown,,Visual asset (plot/figure/video frame).,,False,False,False,False,,low
docs/assets/exactkv_crash_test_frames/frame_00262.png,plot,unknown,,Visual asset (plot/figure/video frame).,,False,False,False,False,,low
docs/assets/exactkv_crash_test_frames/frame_00263.png,plot,unknown,,Visual asset (plot/figure/video frame).,,False,False,False,False,,low
docs/assets/exactkv_crash_test_frames/frame_00264.png,plot,unknown,,Visual asset (plot/figure/video frame).,,False,False,False,False,,low
docs/assets/exactkv_crash_test_frames/frame_00265.png,plot,unknown,,Visual asset (plot/figure/video frame).,,False,False,False,False,,low
docs/assets/exactkv_crash_test_frames/frame_00266.png,plot,unknown,,Visual asset (plot/figure/video frame).,,False,False,False,False,,low
docs/assets/exactkv_crash_test_frames/frame_00267.png,plot,unknown,,Visual asset (plot/figure/video frame).,,False,False,False,False,,low
docs/assets/exactkv_crash_test_frames/frame_00268.png,plot,unknown,,Visual asset (plot/figure/video frame).,,False,False,False,False,,low
docs/assets/exactkv_crash_test_frames/frame_00269.png,plot,unknown,,Visual asset (plot/figure/video frame).,,False,False,False,False,,low
docs/assets/exactkv_crash_test_frames/frame_00270.png,plot,unknown,,Visual asset (plot/figure/video frame).,,False,False,False,False,,low
docs/assets/exactkv_crash_test_frames/frame_00271.png,plot,unknown,,Visual asset (plot/figure/video frame).,,False,False,False,False,,low
docs/assets/exactkv_crash_test_frames/frame_00272.png,plot,unknown,,Visual asset (plot/figure/video frame).,,False,False,False,False,,low
docs/assets/exactkv_crash_test_frames/frame_00273.png,plot,unknown,,Visual asset (plot/figure/video frame).,,False,False,False,False,,low
docs/assets/exactkv_crash_test_frames/frame_00274.png,plot,unknown,,Visual asset (plot/figure/video frame).,,False,False,False,False,,low
docs/assets/exactkv_crash_test_frames/frame_00275.png,plot,unknown,,Visual asset (plot/figure/video frame).,,False,False,False,False,,low
docs/assets/exactkv_crash_test_frames/frame_00276.png,plot,unknown,,Visual asset (plot/figure/video frame).,,False,False,False,False,,low
docs/assets/exactkv_crash_test_frames/frame_00277.png,plot,unknown,,Visual asset (plot/figure/video frame).,,False,False,False,False,,low
docs/assets/exactkv_crash_test_frames/frame_00278.png,plot,unknown,,Visual asset (plot/figure/video frame).,,False,False,False,False,,low
docs/assets/exactkv_crash_test_frames/frame_00279.png,plot,unknown,,Visual asset (plot/figure/video frame).,,False,False,False,False,,low
docs/assets/exactkv_crash_test_frames/frame_00280.png,plot,unknown,,Visual asset (plot/figure/video frame).,,False,False,False,False,,low
docs/assets/exactkv_crash_test_frames/frame_00281.png,plot,unknown,,Visual asset (plot/figure/video frame).,,False,False,False,False,,low
docs/assets/exactkv_crash_test_frames/frame_00282.png,plot,unknown,,Visual asset (plot/figure/video frame).,,False,False,False,False,,low
docs/assets/exactkv_crash_test_frames/frame_00283.png,plot,unknown,,Visual asset (plot/figure/video frame).,,False,False,False,False,,low
docs/assets/exactkv_crash_test_frames/frame_00284.png,plot,unknown,,Visual asset (plot/figure/video frame).,,False,False,False,False,,low
docs/assets/exactkv_crash_test_frames/frame_00285.png,plot,unknown,,Visual asset (plot/figure/video frame).,,False,False,False,False,,low
docs/assets/exactkv_crash_test_frames/frame_00286.png,plot,unknown,,Visual asset (plot/figure/video frame).,,False,False,False,False,,low
docs/assets/exactkv_crash_test_frames/frame_00287.png,plot,unknown,,Visual asset (plot/figure/video frame).,,False,False,False,False,,low
docs/assets/exactkv_crash_test_frames/frame_00288.png,plot,unknown,,Visual asset (plot/figure/video frame).,,False,False,False,False,,low
docs/assets/exactkv_crash_test_storyboard.md,report_md,unknown,,Markdown report / design / claim document.,,False,False,False,False,,low
docs/assets/exactkv_terminal_crash_test_storyboard.md,report_md,unknown,,Markdown report / design / claim document.,,False,False,False,False,,low
docs/assets/exactkv_terminal_demo_recording_plan.md,report_md,unknown,,Markdown report / design / claim document.,,False,False,False,False,,low
docs/assets/exactkv_terminal_longbench_drift_storyboard.md,report_md,unknown,,Markdown report / design / claim document.,,False,False,False,False,,low
docs/assets/exp035_acceptance_by_compressor.png,plot,V-lineage,Experiment (research arc),Visual asset (plot/figure/video frame).,,False,True,False,False,,medium
docs/assets/exp035_acceptance_by_model.png,plot,V-lineage,Experiment (research arc),Visual asset (plot/figure/video frame).,,False,True,False,False,,medium
docs/assets/exp035_category_heatmap.png,plot,V-lineage,Experiment (research arc),Visual asset (plot/figure/video frame).,,False,True,False,False,,medium
docs/assets/exp035_exactness_summary.png,plot,V-lineage,Experiment (research arc),Visual asset (plot/figure/video frame).,,False,True,False,False,,medium
docs/assets/exp035_first_divergence_histogram.png,plot,V-lineage,Experiment (research arc),Visual asset (plot/figure/video frame).,,False,True,False,False,,medium
docs/assets/exp035_killer_demo_card.png,plot,V-lineage,Experiment (research arc),Visual asset (plot/figure/video frame).,,False,True,False,False,,medium
docs/assets/exp035_memory_diagnostic.png,plot,V-lineage,Experiment (research arc),Visual asset (plot/figure/video frame).,,False,True,False,False,,medium
docs/assets/exp035_timing_diagnostic.png,plot,V-lineage,Experiment (research arc),Visual asset (plot/figure/video frame).,,False,True,False,False,,medium
docs/assets/experiment_034_correction_trace.md,report_md,unknown,,Markdown report / design / claim document.,,False,True,False,False,,low
docs/assets/public_exactkv_hero_card.png,plot,unknown,,Visual asset (plot/figure/video frame).,,False,False,False,False,,low
docs/assets/public_exactkv_launch_thread_cards/thread_01_hook.png,plot,unknown,,Visual asset (plot/figure/video frame).,,False,False,False,False,,low
docs/assets/public_exactkv_launch_thread_cards/thread_02_killer.png,plot,unknown,,Visual asset (plot/figure/video frame).,,False,False,False,False,,low
docs/assets/public_exactkv_launch_thread_cards/thread_03_exactness.png,plot,unknown,,Visual asset (plot/figure/video frame).,,False,False,False,False,,low
docs/assets/public_exactkv_launch_thread_cards/thread_04_leaderboard.png,plot,unknown,,Visual asset (plot/figure/video frame).,,False,False,False,False,,low
docs/assets/public_exactkv_launch_thread_cards/thread_05_timing.png,plot,unknown,,Visual asset (plot/figure/video frame).,,False,False,False,False,,low
docs/assets/public_exactkv_launch_thread_cards/thread_06_memory.png,plot,unknown,,Visual asset (plot/figure/video frame).,,False,False,False,False,,low
docs/assets/public_exactkv_one_page_summary.png,plot,unknown,,Visual asset (plot/figure/video frame).,,False,False,False,False,,low
docs/assets/public_exactness_wall.png,plot,unknown,,Visual asset (plot/figure/video frame).,,False,False,False,False,,low
docs/assets/public_killer_correction_card.png,plot,unknown,,Visual asset (plot/figure/video frame).,,False,False,False,False,,low
docs/assets/public_leaderboard.png,plot,unknown,,Visual asset (plot/figure/video frame).,,False,False,False,False,,low
docs/assets/public_memory_truth_card.png,plot,unknown,,Visual asset (plot/figure/video frame).,,False,False,False,False,,low
docs/assets/public_timing_truth_card.png,plot,unknown,,Visual asset (plot/figure/video frame).,,False,False,False,False,,low
docs/blog_post.md,launch_artifact,final launch,Phase K / launch package,Public launch / leaderboard surface.,,False,False,False,False,,medium
docs/generated/.gitkeep,unknown,unknown,,Unclassified tracked artifact.,,False,False,False,False,,low
docs/launch_blog_final.md,launch_artifact,final launch,Phase K / launch package,Public launch / leaderboard surface.,,False,False,False,False,,medium
docs/launch_linkedin_final.md,launch_artifact,final launch,Phase K / launch package,Public launch / leaderboard surface.,,False,False,False,False,,medium
docs/launch_x_thread_final.md,launch_artifact,final launch,Phase K / launch package,Public launch / leaderboard surface.,,False,False,False,False,,medium
docs/leaderboard.html,launch_artifact,unknown,,Public launch / leaderboard surface.,,False,False,False,False,,low
docs/leaderboard.md,report_md,unknown,,Markdown report / design / claim document.,,False,False,False,False,,low
docs/leaderboard_spec.md,report_md,unknown,,Markdown report / design / claim document.,,False,False,False,False,,low
docs/linkedin_post.md,launch_artifact,final launch,Phase K / launch package,Public launch / leaderboard surface.,,False,False,False,False,,medium
docs/paper_draft.md,report_md,unknown,,Markdown report / design / claim document.,,False,False,False,False,,low
docs/x_thread.md,launch_artifact,final launch,Phase K / launch package,Public launch / leaderboard surface.,,False,False,False,False,,medium
exactkv/__init__.py,code,unknown,,Library / framework implementation module.,,False,False,False,False,,high
exactkv/__main__.py,code,unknown,,Library / framework implementation module.,,False,False,False,False,,high
exactkv/adapters/__init__.py,code,unknown,,Library / framework implementation module.,,False,False,False,False,,high
exactkv/adapters/kernel_backed_adapter.py,code,unknown,,Library / framework implementation module.,,False,False,False,False,,high
exactkv/adapters/kvquant_adapter.py,code,unknown,,Library / framework implementation module.,,False,False,False,False,,high
exactkv/adapters/shard_adapter.py,code,unknown,,Library / framework implementation module.,,False,False,False,False,,high
exactkv/adapters/shard_real_adapter.py,code,unknown,,Library / framework implementation module.,,False,False,False,False,,high
exactkv/adapters/spectralquant_adapter.py,code,unknown,,Library / framework implementation module.,,False,False,False,False,,high
exactkv/adapters/spectralquant_real_adapter.py,code,unknown,,Library / framework implementation module.,,False,False,False,False,,high
exactkv/adapters/turboquant_adapter.py,code,unknown,,Library / framework implementation module.,,False,False,False,False,,high
exactkv/analysis/__init__.py,code,unknown,,Library / framework implementation module.,,False,False,False,False,,high
exactkv/analysis/acceptance_tables.py,code,unknown,,Library / framework implementation module.,,False,False,False,False,,high
exactkv/analysis/attention_logging.py,code,unknown,,Library / framework implementation module.,,False,False,False,False,,high
exactkv/analysis/attention_weighted.py,code,unknown,,Library / framework implementation module.,,False,False,False,False,,high
exactkv/analysis/divergence_autopsy.py,code,unknown,,Library / framework implementation module.,,False,False,False,False,,high
exactkv/analysis/examples.py,code,unknown,,Library / framework implementation module.,,False,False,False,False,,high
exactkv/analysis/failure_report.py,code,unknown,,Library / framework implementation module.,,False,False,False,False,,high
exactkv/analysis/histograms.py,code,unknown,,Library / framework implementation module.,,False,False,False,False,,high
exactkv/analysis/hot_adapter_feasibility.py,code,unknown,,Library / framework implementation module.,,False,False,False,False,,high
exactkv/analysis/l4_instability_regime_extractor.py,code,unknown,,Library / framework implementation module.,,False,False,False,False,,high
exactkv/analysis/l4_instability_visualization_engine.py,code,unknown,,Library / framework implementation module.,,False,False,False,False,,high
exactkv/analysis/mismatch.py,code,unknown,,Library / framework implementation module.,,False,False,False,False,,high
exactkv/analysis/repair_policy.py,code,unknown,,Library / framework implementation module.,,False,False,False,False,,high
exactkv/analysis/span_parity_debug.py,code,unknown,,Library / framework implementation module.,,False,False,False,False,,high
exactkv/attention/__init__.py,code,unknown,,Library / framework implementation module.,,False,False,False,False,,high
exactkv/attention/decode_time_shadow_observer.py,code,unknown,,Library / framework implementation module.,,False,True,False,False,,high
exactkv/attention/generation_shadow_observer.py,code,unknown,,Library / framework implementation module.,,False,True,False,False,,high
exactkv/attention/generation_shadow_review.py,code,unknown,,Library / framework implementation module.,,False,True,False,False,,high
exactkv/attention/hf_full_replay_probe.py,code,unknown,,Library / framework implementation module.,,False,False,False,False,,high
exactkv/attention/hf_multilayer_probe.py,code,unknown,,Library / framework implementation module.,,False,False,False,False,,high
exactkv/attention/hf_single_layer_probe.py,code,unknown,,Library / framework implementation module.,,False,False,False,False,,high
exactkv/attention/live_round_observer.py,code,unknown,,Library / framework implementation module.,,False,False,False,False,,high
exactkv/attention/phase16_closeout.py,code,unknown,,Library / framework implementation module.,,False,False,False,False,,high
exactkv/attention/streaming_quant_attention.py,code,unknown,,Library / framework implementation module.,,False,False,False,False,,high
exactkv/attention/tolerance_policy.py,code,unknown,,Library / framework implementation module.,,False,False,False,False,,high
exactkv/benchmark/__init__.py,code,unknown,,Library / framework implementation module.,,False,False,False,False,,high
exactkv/benchmark/scale_7b_benchmark.py,code,unknown,,Library / framework implementation module.,,False,False,False,False,,high
exactkv/benchmark/unified_benchmark_runner.py,code,unknown,,Library / framework implementation module.,,False,False,False,False,,high
exactkv/benchmarks/__init__.py,code,unknown,,Library / framework implementation module.,,False,False,False,False,,high
exactkv/benchmarks/leaderboard_platform.py,code,unknown,,Library / framework implementation module.,,False,False,False,False,,high
exactkv/benchmarks/paper_panel_contract.py,code,unknown,,Library / framework implementation module.,,False,False,False,False,,high
exactkv/benchmarks/phase_a_scale_benchmark.py,code,unknown,,Library / framework implementation module.,,False,False,False,False,,high
exactkv/benchmarks/prompts.py,code,unknown,,Library / framework implementation module.,,False,False,False,False,,high
exactkv/benchmarks/publication_layer.py,code,unknown,,Library / framework implementation module.,,False,False,False,False,,high
exactkv/benchmarks/reports.py,code,unknown,,Library / framework implementation module.,,False,False,False,False,,high
exactkv/benchmarks/runner.py,code,unknown,,Library / framework implementation module.,,False,False,False,False,,high
exactkv/benchmarks/sweeps.py,code,unknown,,Library / framework implementation module.,,False,False,False,False,,high
exactkv/benchmarks/throughput_contract.py,code,unknown,,Library / framework implementation module.,,False,False,False,False,,high
exactkv/benchmarks/v10_prompts.py,code,unknown,,Library / framework implementation module.,,False,False,False,False,,high
exactkv/cache/__init__.py,code,unknown,,Library / framework implementation module.,,False,False,False,False,,high
exactkv/cache/compressed_state.py,code,unknown,,Library / framework implementation module.,,False,False,False,False,,high
exactkv/cache/dual_cache.py,code,unknown,,Library / framework implementation module.,,False,False,False,False,,high
exactkv/cache/full_state.py,code,unknown,,Library / framework implementation module.,,False,False,False,False,,high
exactkv/cache/hf_kv_restore.py,code,unknown,,Library / framework implementation module.,,False,False,False,False,,high
exactkv/cache/materialized_backend.py,code,unknown,,Library / framework implementation module.,,False,False,False,False,,high
exactkv/cache/offline_verifier.py,code,unknown,,Library / framework implementation module.,,False,False,False,False,,high
exactkv/cache/remote_prefix.py,code,unknown,,Library / framework implementation module.,,False,False,False,False,,high
exactkv/cache/restored_verifier_runner.py,code,unknown,,Library / framework implementation module.,,False,False,False,False,,high
exactkv/cache/storage.py,code,unknown,,Library / framework implementation module.,,False,False,False,False,,high
exactkv/cache/utils.py,code,unknown,,Library / framework implementation module.,,False,False,False,False,,high
exactkv/claims/__init__.py,code,unknown,,Library / framework implementation module.,,False,False,False,False,,high
exactkv/claims/vericache_parity_gate.py,code,unknown,,Library / framework implementation module.,,False,False,False,False,,high
exactkv/cli.py,code,unknown,,Library / framework implementation module.,,False,False,False,False,,high
exactkv/compressors/__init__.py,code,unknown,,Library / framework implementation module.,,False,False,False,False,,high
exactkv/compressors/asymmetric_sim.py,code,unknown,,Library / framework implementation module.,,False,False,False,False,,high
exactkv/compressors/backend_adapter.py,code,unknown,,Library / framework implementation module.,,False,False,False,False,,high
exactkv/compressors/base.py,code,unknown,,Library / framework implementation module.,,False,False,False,False,,high
exactkv/compressors/debug_noise.py,code,unknown,,Library / framework implementation module.,,False,False,False,False,,high
exactkv/compressors/int4_sim.py,code,unknown,,Library / framework implementation module.,,False,False,False,False,,high
exactkv/compressors/int8.py,code,unknown,,Library / framework implementation module.,,False,False,False,False,,high
exactkv/compressors/kivi_adapter.py,code,unknown,,Library / framework implementation module.,,False,False,False,False,,high
exactkv/compressors/kvpress_knorm.py,code,unknown,,Library / framework implementation module.,,False,False,False,False,,high
exactkv/compressors/kvpress_snapkv.py,code,unknown,,Library / framework implementation module.,,False,False,False,False,,high
exactkv/compressors/kvquant_adapter.py,code,unknown,,Library / framework implementation module.,,False,False,False,False,,high
exactkv/compressors/layer_aware_sim.py,code,unknown,,Library / framework implementation module.,,False,False,False,False,,high
exactkv/compressors/noop.py,code,unknown,,Library / framework implementation module.,,False,False,False,False,,high
exactkv/compressors/registry.py,code,unknown,,Library / framework implementation module.,,False,False,False,False,,high
exactkv/compressors/turboquant_adapter.py,code,unknown,,Library / framework implementation module.,,False,False,False,False,,high
exactkv/config.py,code,unknown,,Library / framework implementation module.,,False,False,False,False,,high
exactkv/configs/load_scale_config.py,code,unknown,,Library / framework implementation module.,,False,False,False,False,,high
exactkv/configs/scale_7b_8b.json,config,unknown,,Configuration / metadata file.,,False,False,False,False,,low
exactkv/configs/scale_7b_8b.yaml,config,unknown,,Configuration / metadata file.,,False,False,False,False,,low
exactkv/core/__init__.py,code,unknown,,Library / framework implementation module.,,False,False,False,False,,high
exactkv/core/compressor_interface.py,code,unknown,,Library / framework implementation module.,,False,False,False,False,,high
exactkv/demo/__init__.py,code,unknown,,Library / framework implementation module.,,False,False,False,False,,high
exactkv/demo/broader_model_validation.py,code,unknown,,Library / framework implementation module.,,False,False,False,False,,high
exactkv/demo/integration_design_review.py,code,unknown,,Library / framework implementation module.,,False,False,False,False,,high
exactkv/demo/long_context_validation.py,code,unknown,,Library / framework implementation module.,,False,False,False,False,,high
exactkv/demo/phase17_claim_safe_demo.py,code,unknown,,Library / framework implementation module.,,False,False,False,False,,high
exactkv/engine/__init__.py,code,unknown,,Library / framework implementation module.,,False,False,False,False,,high
exactkv/engine/unified_truth_engine.py,code,unknown,,Library / framework implementation module.,,False,False,False,False,,high
exactkv/external/__init__.py,code,unknown,,Library / framework implementation module.,,False,False,False,False,,high
exactkv/external/shard_ablation.py,code,unknown,,Library / framework implementation module.,,False,False,False,False,,high
exactkv/external/shard_combined_stress.py,code,unknown,,Library / framework implementation module.,,False,False,False,False,,high
exactkv/external/shard_probe.py,code,unknown,,Library / framework implementation module.,,False,False,False,False,,high
exactkv/external/shard_stress_panel.py,code,unknown,,Library / framework implementation module.,,False,False,False,False,,high
exactkv/external/spectralquant_adapter.py,code,unknown,,Library / framework implementation module.,,False,False,False,False,,high
exactkv/external/spectralquant_probe.py,code,unknown,,Library / framework implementation module.,,False,False,False,False,,high
exactkv/external/spectralquant_real_kv.py,code,unknown,,Library / framework implementation module.,,False,False,False,False,,high
exactkv/integrations/__init__.py,code,unknown,,Library / framework implementation module.,,False,False,False,False,,high
exactkv/integrations/lmcache_contract.py,code,unknown,,Library / framework implementation module.,,False,False,False,False,,high
exactkv/integrations/vllm_contract.py,code,unknown,,Library / framework implementation module.,,False,True,False,False,,high
exactkv/integrations/vllm_kv_visibility.py,code,unknown,,Library / framework implementation module.,,False,True,False,False,,high
exactkv/integrations/vllm_probe.py,code,unknown,,Library / framework implementation module.,,False,True,False,False,,high
exactkv/integrations/vllm_surface_recon.py,code,unknown,,Library / framework implementation module.,,False,True,False,False,,high
exactkv/kernel/__init__.py,code,unknown,,Library / framework implementation module.,,False,False,False,False,,high
exactkv/kernel/kv_compression_kernel.py,code,unknown,,Library / framework implementation module.,,False,False,False,False,,high
exactkv/kernel/triton_kv_compression_kernel.py,code,unknown,,Library / framework implementation module.,,False,False,False,False,,high
exactkv/metrics/__init__.py,code,unknown,,Library / framework implementation module.,,False,False,False,False,,high
exactkv/metrics/acceptance.py,code,unknown,,Library / framework implementation module.,,False,False,False,False,,high
exactkv/metrics/exactness.py,code,unknown,,Library / framework implementation module.,,False,False,False,False,,high
exactkv/metrics/gpu_memory_accounting.py,code,unknown,,Library / framework implementation module.,,False,False,False,False,,high
exactkv/metrics/gpu_memory_isolation.py,code,unknown,,Library / framework implementation module.,,False,False,False,False,,high
exactkv/metrics/gpu_memory_pilot.py,code,unknown,,Library / framework implementation module.,,False,False,False,False,,high
exactkv/metrics/memory.py,code,unknown,,Library / framework implementation module.,,False,False,False,False,,high
exactkv/metrics/timing.py,code,unknown,,Library / framework implementation module.,,False,False,False,False,,high
exactkv/platform/__init__.py,code,unknown,,Library / framework implementation module.,,False,False,False,False,,high
exactkv/platform/evidence_integrity.py,code,unknown,,Library / framework implementation module.,,False,False,False,False,,high
exactkv/platform/launch_pack_builder.py,code,final launch,Phase K / launch package,Library / framework implementation module.,,False,False,False,False,,high
exactkv/platform/launch_pack_validator.py,code,final launch,Phase K / launch package,Library / framework implementation module.,,False,False,False,False,,high
exactkv/platform/leaderboard_aggregates.py,code,unknown,,Library / framework implementation module.,,False,False,False,False,,high
exactkv/platform/lineage_validator.py,code,unknown,,Library / framework implementation module.,,False,False,False,False,,high
exactkv/platform/novelty_audit.py,code,unknown,,Library / framework implementation module.,,False,False,False,False,,high
exactkv/platform/project_archaeology.py,code,unknown,,Library / framework implementation module.,,False,False,False,False,,high
exactkv/platform/public_leaderboard.py,code,unknown,,Library / framework implementation module.,,False,False,False,False,,high
exactkv/platform/public_release_validator.py,code,final launch,Phase K / launch package,Library / framework implementation module.,,False,False,False,False,,high
exactkv/platform/release_normalization.py,code,unknown,,Library / framework implementation module.,,False,False,False,False,,high
exactkv/platform/release_packager.py,code,unknown,,Library / framework implementation module.,,False,False,False,False,,high
exactkv/platform/scale_leaderboard.py,code,unknown,,Library / framework implementation module.,,False,False,False,False,,high
exactkv/registry/__init__.py,code,unknown,,Library / framework implementation module.,,False,False,False,False,,high
exactkv/registry/compressor_registry.py,code,unknown,,Library / framework implementation module.,,False,False,False,False,,high
exactkv/reporting/__init__.py,code,unknown,,Library / framework implementation module.,,False,False,False,False,,high
exactkv/reporting/examples.py,code,unknown,,Library / framework implementation module.,,False,False,False,False,,high
exactkv/reporting/histograms.py,code,unknown,,Library / framework implementation module.,,False,False,False,False,,high
exactkv/reporting/leaderboard.py,code,unknown,,Library / framework implementation module.,,False,False,False,False,,high
exactkv/reporting/markdown.py,code,unknown,,Library / framework implementation module.,,False,False,False,False,,high
exactkv/reporting/memory.py,code,unknown,,Library / framework implementation module.,,False,False,False,False,,high
exactkv/research/__init__.py,code,unknown,,Library / framework implementation module.,,False,False,False,False,,high
exactkv/research/external_drafter_probe.py,code,unknown,,Library / framework implementation module.,,False,False,False,False,,high
exactkv/research/llamacpp_subprocess.py,code,unknown,,Library / framework implementation module.,,False,False,False,False,,high
exactkv/runtime/__init__.py,code,unknown,,Library / framework implementation module.,,False,False,False,False,,high
exactkv/runtime/exactkv_generator.py,code,unknown,,Library / framework implementation module.,,False,False,False,False,,high
exactkv/runtime/experimental.py,code,unknown,,Library / framework implementation module.,,False,False,False,False,,high
exactkv/runtime/experimental_cli.py,code,unknown,,Library / framework implementation module.,,False,False,False,False,,high
exactkv/runtime/generation.py,code,unknown,,Library / framework implementation module.,,False,False,False,False,,high
exactkv/runtime/kv_kernel_backend_selector.py,code,unknown,,Library / framework implementation module.,,False,False,False,False,,high
exactkv/runtime/kv_probe_layer.py,code,unknown,,Library / framework implementation module.,,False,False,False,False,,high
exactkv/runtime/kv_probe_to_kernel_bridge.py,code,unknown,,Library / framework implementation module.,,False,False,False,False,,high
exactkv/runtime/model_runtime.py,code,unknown,,Library / framework implementation module.,,False,False,False,False,,high
exactkv/runtime/prefill.py,code,unknown,,Library / framework implementation module.,,False,False,False,False,,high
exactkv/safety/__init__.py,code,unknown,,Library / framework implementation module.,,False,False,False,False,,high
exactkv/safety/guarded_draft_shadow.py,code,unknown,,Library / framework implementation module.,,False,True,False,False,,high
exactkv/safety/integration_safety_spec.py,code,unknown,,Library / framework implementation module.,,False,False,False,False,,high
exactkv/safety/l4_contract_tests_no_runtime.py,code,unknown,,Library / framework implementation module.,,False,False,False,False,,high
exactkv/safety/l4_integration_plan_review.py,code,unknown,,Library / framework implementation module.,,False,False,False,False,,high
exactkv/safety/l4_noop_opt_in_scaffold.py,code,unknown,,Library / framework implementation module.,,False,False,False,False,,high
exactkv/safety/l4_runtime_coupling.py,code,unknown,,Library / framework implementation module.,,False,False,False,False,,high
exactkv/safety/l4_runtime_coupling_stress_panel.py,code,unknown,,Library / framework implementation module.,,False,False,False,False,,high
exactkv/safety/l4_stage3_verifier_mediated_dry_run_design.py,code,unknown,,Library / framework implementation module.,,False,False,False,False,,high
exactkv/safety/l4_stage3_verifier_mediated_dry_run_scaffold.py,code,unknown,,Library / framework implementation module.,,False,False,False,False,,high
exactkv/safety/l4_trace_only_dry_run_design.py,code,unknown,,Library / framework implementation module.,,False,False,False,False,,high
exactkv/safety/l4_trace_only_dry_run_scaffold.py,code,unknown,,Library / framework implementation module.,,False,False,False,False,,high
exactkv/safety/l4_trace_schema_adversarial_injection_panel.py,code,unknown,,Library / framework implementation module.,,False,False,False,False,,high
exactkv/safety/l4_verifier_evidence_trace_schema_design.py,code,unknown,,Library / framework implementation module.,,False,False,False,False,,high
exactkv/safety/l4_verifier_evidence_trace_schema_scaffold.py,code,unknown,,Library / framework implementation module.,,False,False,False,False,,high
exactkv/safety/l4_verifier_mediated_design_spec.py,code,unknown,,Library / framework implementation module.,,False,False,False,False,,high
exactkv/safety/l4_verifier_runtime_instrumentation_design.py,code,unknown,,Library / framework implementation module.,,False,False,False,False,,high
exactkv/safety/l4_verifier_trace_schema_example_validation.py,code,unknown,,Library / framework implementation module.,,False,False,False,False,,high
exactkv/safety/pre_l4_gate_review.py,code,unknown,,Library / framework implementation module.,,False,False,False,False,,high
exactkv/schema/__init__.py,code,unknown,,Library / framework implementation module.,,False,False,False,False,,high
exactkv/schema/benchmark_schema.py,code,unknown,,Library / framework implementation module.,,False,False,False,False,,high
exactkv/serving/__init__.py,code,unknown,,Library / framework implementation module.,,False,True,False,False,,high
exactkv/serving/cache_lifecycle.py,code,unknown,,Library / framework implementation module.,,False,True,False,False,,high
exactkv/serving/sidecar_probe.py,code,unknown,,Library / framework implementation module.,,False,True,False,False,,high
exactkv/verification/__init__.py,code,unknown,,Library / framework implementation module.,,False,False,False,False,,high
exactkv/verification/acceptance.py,code,unknown,,Library / framework implementation module.,,False,False,False,False,,high
exactkv/verification/engine.py,code,unknown,,Library / framework implementation module.,,False,False,False,False,,high
exactkv/verify/__init__.py,code,unknown,,Library / framework implementation module.,,False,False,False,False,,high
exactkv/verify/scheduler.py,code,unknown,,Library / framework implementation module.,,False,False,False,False,,high
examples/__init__.py,code,unknown,,Library / framework implementation module.,,False,False,False,False,,high
examples/qwen_smoke.py,code,unknown,,Library / framework implementation module.,,False,False,False,False,,high
paper/VeriCache.pdf,unknown,final launch,Phase K / launch package,Unclassified tracked artifact.,,False,False,False,False,,medium
pyproject.toml,config,unknown,,Configuration / metadata file.,,False,False,False,False,,low
reports/.gitkeep,unknown,unknown,,Unclassified tracked artifact.,,False,False,False,False,,low
reports/README_PUBLIC.md,doc,unknown,,Documentation / supporting note.,,False,False,False,False,,low
reports/benchmark.md,doc,unknown,,Documentation / supporting note.,,False,False,False,False,,low
reports/benchmark_summary.md,doc,unknown,,Documentation / supporting note.,,False,False,False,False,,low
reports/exp046_kv_files/exp046_Qwen_Qwen2.5-0.5B__restore_001__v1.meta.json,report_json,V-lineage,Experiment (research arc),Machine-readable benchmark/report artifact.,,False,True,False,False,,medium
reports/exp046_kv_files/exp046_Qwen_Qwen2.5-0.5B__restore_001__v1.pt,unknown,V-lineage,Experiment (research arc),Unclassified tracked artifact.,,False,True,False,False,,medium
reports/exp046_kv_files/exp046_Qwen_Qwen2.5-0.5B__restore_002__v1.meta.json,report_json,V-lineage,Experiment (research arc),Machine-readable benchmark/report artifact.,,False,True,False,False,,medium
reports/exp046_kv_files/exp046_Qwen_Qwen2.5-0.5B__restore_002__v1.pt,unknown,V-lineage,Experiment (research arc),Unclassified tracked artifact.,,False,True,False,False,,medium
reports/exp046_kv_files/exp046_Qwen_Qwen2.5-0.5B__restore_003__v1.meta.json,report_json,V-lineage,Experiment (research arc),Machine-readable benchmark/report artifact.,,False,True,False,False,,medium
reports/exp046_kv_files/exp046_Qwen_Qwen2.5-0.5B__restore_003__v1.pt,unknown,V-lineage,Experiment (research arc),Unclassified tracked artifact.,,False,True,False,False,,medium
reports/exp046_kv_files/exp046_Qwen_Qwen2.5-0.5B__restore_004__v1.meta.json,report_json,V-lineage,Experiment (research arc),Machine-readable benchmark/report artifact.,,False,True,False,False,,medium
reports/exp046_kv_files/exp046_Qwen_Qwen2.5-0.5B__restore_004__v1.pt,unknown,V-lineage,Experiment (research arc),Unclassified tracked artifact.,,False,True,False,False,,medium
reports/exp047_kv_files/exp047_Qwen_Qwen2.5-0.5B_cpu_torch.float32__panel_001__v1.meta.json,report_json,V-lineage,Experiment (research arc),Machine-readable benchmark/report artifact.,,False,True,False,False,,medium
reports/exp047_kv_files/exp047_Qwen_Qwen2.5-0.5B_cpu_torch.float32__panel_001__v1.pt,unknown,V-lineage,Experiment (research arc),Unclassified tracked artifact.,,False,True,False,False,,medium
reports/exp047_kv_files/exp047_Qwen_Qwen2.5-0.5B_cpu_torch.float32__panel_002__v1.meta.json,report_json,V-lineage,Experiment (research arc),Machine-readable benchmark/report artifact.,,False,True,False,False,,medium
reports/exp047_kv_files/exp047_Qwen_Qwen2.5-0.5B_cpu_torch.float32__panel_002__v1.pt,unknown,V-lineage,Experiment (research arc),Unclassified tracked artifact.,,False,True,False,False,,medium
reports/exp047_kv_files/exp047_Qwen_Qwen2.5-0.5B_cpu_torch.float32__panel_003__v1.meta.json,report_json,V-lineage,Experiment (research arc),Machine-readable benchmark/report artifact.,,False,True,False,False,,medium
reports/exp047_kv_files/exp047_Qwen_Qwen2.5-0.5B_cpu_torch.float32__panel_003__v1.pt,unknown,V-lineage,Experiment (research arc),Unclassified tracked artifact.,,False,True,False,False,,medium
reports/exp047_kv_files/exp047_Qwen_Qwen2.5-0.5B_cpu_torch.float32__panel_004__v1.meta.json,report_json,V-lineage,Experiment (research arc),Machine-readable benchmark/report artifact.,,False,True,False,False,,medium
reports/exp047_kv_files/exp047_Qwen_Qwen2.5-0.5B_cpu_torch.float32__panel_004__v1.pt,unknown,V-lineage,Experiment (research arc),Unclassified tracked artifact.,,False,True,False,False,,medium
reports/exp047_kv_files/exp047_Qwen_Qwen2.5-0.5B_cpu_torch.float32__panel_005__v1.meta.json,report_json,V-lineage,Experiment (research arc),Machine-readable benchmark/report artifact.,,False,True,False,False,,medium
reports/exp047_kv_files/exp047_Qwen_Qwen2.5-0.5B_cpu_torch.float32__panel_005__v1.pt,unknown,V-lineage,Experiment (research arc),Unclassified tracked artifact.,,False,True,False,False,,medium
reports/exp047_kv_files/exp047_Qwen_Qwen2.5-0.5B_cpu_torch.float32__panel_006__v1.meta.json,report_json,V-lineage,Experiment (research arc),Machine-readable benchmark/report artifact.,,False,True,False,False,,medium
reports/exp047_kv_files/exp047_Qwen_Qwen2.5-0.5B_cpu_torch.float32__panel_006__v1.pt,unknown,V-lineage,Experiment (research arc),Unclassified tracked artifact.,,False,True,False,False,,medium
reports/exp047_kv_files/exp047_Qwen_Qwen2.5-0.5B_cpu_torch.float32__panel_007__v1.meta.json,report_json,V-lineage,Experiment (research arc),Machine-readable benchmark/report artifact.,,False,True,False,False,,medium
reports/exp047_kv_files/exp047_Qwen_Qwen2.5-0.5B_cpu_torch.float32__panel_007__v1.pt,unknown,V-lineage,Experiment (research arc),Unclassified tracked artifact.,,False,True,False,False,,medium
reports/exp047_kv_files/exp047_Qwen_Qwen2.5-0.5B_cpu_torch.float32__panel_008__v1.meta.json,report_json,V-lineage,Experiment (research arc),Machine-readable benchmark/report artifact.,,False,True,False,False,,medium
reports/exp047_kv_files/exp047_Qwen_Qwen2.5-0.5B_cpu_torch.float32__panel_008__v1.pt,unknown,V-lineage,Experiment (research arc),Unclassified tracked artifact.,,False,True,False,False,,medium
reports/exp047_kv_files/exp047_Qwen_Qwen2.5-0.5B_cpu_torch.float32__panel_009__v1.meta.json,report_json,V-lineage,Experiment (research arc),Machine-readable benchmark/report artifact.,,False,True,False,False,,medium
reports/exp047_kv_files/exp047_Qwen_Qwen2.5-0.5B_cpu_torch.float32__panel_009__v1.pt,unknown,V-lineage,Experiment (research arc),Unclassified tracked artifact.,,False,True,False,False,,medium
reports/exp047_kv_files/exp047_Qwen_Qwen2.5-0.5B_cpu_torch.float32__panel_010__v1.meta.json,report_json,V-lineage,Experiment (research arc),Machine-readable benchmark/report artifact.,,False,True,False,False,,medium
reports/exp047_kv_files/exp047_Qwen_Qwen2.5-0.5B_cpu_torch.float32__panel_010__v1.pt,unknown,V-lineage,Experiment (research arc),Unclassified tracked artifact.,,False,True,False,False,,medium
reports/exp047_kv_files/exp047_Qwen_Qwen2.5-0.5B_cpu_torch.float32__panel_011__v1.meta.json,report_json,V-lineage,Experiment (research arc),Machine-readable benchmark/report artifact.,,False,True,False,False,,medium
reports/exp047_kv_files/exp047_Qwen_Qwen2.5-0.5B_cpu_torch.float32__panel_011__v1.pt,unknown,V-lineage,Experiment (research arc),Unclassified tracked artifact.,,False,True,False,False,,medium
reports/exp047_kv_files/exp047_Qwen_Qwen2.5-0.5B_cpu_torch.float32__panel_012__v1.meta.json,report_json,V-lineage,Experiment (research arc),Machine-readable benchmark/report artifact.,,False,True,False,False,,medium
reports/exp047_kv_files/exp047_Qwen_Qwen2.5-0.5B_cpu_torch.float32__panel_012__v1.pt,unknown,V-lineage,Experiment (research arc),Unclassified tracked artifact.,,False,True,False,False,,medium
reports/exp048_kv_files/exp048_Qwen_Qwen2.5-0.5B_file_kv_storage__offline_001__v1.meta.json,report_json,V-lineage,Experiment (research arc),Machine-readable benchmark/report artifact.,,False,True,False,False,,medium
reports/exp048_kv_files/exp048_Qwen_Qwen2.5-0.5B_file_kv_storage__offline_001__v1.pt,unknown,V-lineage,Experiment (research arc),Unclassified tracked artifact.,,False,True,False,False,,medium
reports/exp048_kv_files/exp048_Qwen_Qwen2.5-0.5B_file_kv_storage__offline_002__v1.meta.json,report_json,V-lineage,Experiment (research arc),Machine-readable benchmark/report artifact.,,False,True,False,False,,medium
reports/exp048_kv_files/exp048_Qwen_Qwen2.5-0.5B_file_kv_storage__offline_002__v1.pt,unknown,V-lineage,Experiment (research arc),Unclassified tracked artifact.,,False,True,False,False,,medium
reports/exp048_kv_files/exp048_Qwen_Qwen2.5-0.5B_file_kv_storage__offline_003__v1.meta.json,report_json,V-lineage,Experiment (research arc),Machine-readable benchmark/report artifact.,,False,True,False,False,,medium
reports/exp048_kv_files/exp048_Qwen_Qwen2.5-0.5B_file_kv_storage__offline_003__v1.pt,unknown,V-lineage,Experiment (research arc),Unclassified tracked artifact.,,False,True,False,False,,medium
reports/exp048_kv_files/exp048_Qwen_Qwen2.5-0.5B_file_kv_storage__offline_004__v1.meta.json,report_json,V-lineage,Experiment (research arc),Machine-readable benchmark/report artifact.,,False,True,False,False,,medium
reports/exp048_kv_files/exp048_Qwen_Qwen2.5-0.5B_file_kv_storage__offline_004__v1.pt,unknown,V-lineage,Experiment (research arc),Unclassified tracked artifact.,,False,True,False,False,,medium
reports/exp048_kv_files/exp048_Qwen_Qwen2.5-0.5B_file_kv_storage__offline_005__v1.meta.json,report_json,V-lineage,Experiment (research arc),Machine-readable benchmark/report artifact.,,False,True,False,False,,medium
reports/exp048_kv_files/exp048_Qwen_Qwen2.5-0.5B_file_kv_storage__offline_005__v1.pt,unknown,V-lineage,Experiment (research arc),Unclassified tracked artifact.,,False,True,False,False,,medium
reports/exp048_kv_files/exp048_Qwen_Qwen2.5-0.5B_file_kv_storage__offline_006__v1.meta.json,report_json,V-lineage,Experiment (research arc),Machine-readable benchmark/report artifact.,,False,True,False,False,,medium
reports/exp048_kv_files/exp048_Qwen_Qwen2.5-0.5B_file_kv_storage__offline_006__v1.pt,unknown,V-lineage,Experiment (research arc),Unclassified tracked artifact.,,False,True,False,False,,medium
reports/exp049_kv_files/exp049_Qwen_Qwen2.5-0.5B_file_kv_storage__offline_001__int4_sim__v1.meta.json,report_json,V-lineage,Experiment (research arc),Machine-readable benchmark/report artifact.,,False,True,False,False,,medium
reports/exp049_kv_files/exp049_Qwen_Qwen2.5-0.5B_file_kv_storage__offline_001__int4_sim__v1.pt,unknown,V-lineage,Experiment (research arc),Unclassified tracked artifact.,,False,True,False,False,,medium
reports/exp049_kv_files/exp049_Qwen_Qwen2.5-0.5B_file_kv_storage__offline_001__int8__v1.meta.json,report_json,V-lineage,Experiment (research arc),Machine-readable benchmark/report artifact.,,False,True,False,False,,medium
reports/exp049_kv_files/exp049_Qwen_Qwen2.5-0.5B_file_kv_storage__offline_001__int8__v1.pt,unknown,V-lineage,Experiment (research arc),Unclassified tracked artifact.,,False,True,False,False,,medium
reports/exp049_kv_files/exp049_Qwen_Qwen2.5-0.5B_file_kv_storage__offline_001__k8_v4_sim__v1.meta.json,report_json,V-lineage,Experiment (research arc),Machine-readable benchmark/report artifact.,,False,True,False,False,,medium
reports/exp049_kv_files/exp049_Qwen_Qwen2.5-0.5B_file_kv_storage__offline_001__k8_v4_sim__v1.pt,unknown,V-lineage,Experiment (research arc),Unclassified tracked artifact.,,False,True,False,False,,medium
reports/exp049_kv_files/exp049_Qwen_Qwen2.5-0.5B_file_kv_storage__offline_002__int4_sim__v1.meta.json,report_json,V-lineage,Experiment (research arc),Machine-readable benchmark/report artifact.,,False,True,False,False,,medium
reports/exp049_kv_files/exp049_Qwen_Qwen2.5-0.5B_file_kv_storage__offline_002__int4_sim__v1.pt,unknown,V-lineage,Experiment (research arc),Unclassified tracked artifact.,,False,True,False,False,,medium
reports/exp049_kv_files/exp049_Qwen_Qwen2.5-0.5B_file_kv_storage__offline_002__int8__v1.meta.json,report_json,V-lineage,Experiment (research arc),Machine-readable benchmark/report artifact.,,False,True,False,False,,medium
reports/exp049_kv_files/exp049_Qwen_Qwen2.5-0.5B_file_kv_storage__offline_002__int8__v1.pt,unknown,V-lineage,Experiment (research arc),Unclassified tracked artifact.,,False,True,False,False,,medium
reports/exp049_kv_files/exp049_Qwen_Qwen2.5-0.5B_file_kv_storage__offline_002__k8_v4_sim__v1.meta.json,report_json,V-lineage,Experiment (research arc),Machine-readable benchmark/report artifact.,,False,True,False,False,,medium
reports/exp049_kv_files/exp049_Qwen_Qwen2.5-0.5B_file_kv_storage__offline_002__k8_v4_sim__v1.pt,unknown,V-lineage,Experiment (research arc),Unclassified tracked artifact.,,False,True,False,False,,medium
reports/exp049_kv_files/exp049_Qwen_Qwen2.5-0.5B_file_kv_storage__offline_003__int4_sim__v1.meta.json,report_json,V-lineage,Experiment (research arc),Machine-readable benchmark/report artifact.,,False,True,False,False,,medium
reports/exp049_kv_files/exp049_Qwen_Qwen2.5-0.5B_file_kv_storage__offline_003__int4_sim__v1.pt,unknown,V-lineage,Experiment (research arc),Unclassified tracked artifact.,,False,True,False,False,,medium
reports/exp049_kv_files/exp049_Qwen_Qwen2.5-0.5B_file_kv_storage__offline_003__int8__v1.meta.json,report_json,V-lineage,Experiment (research arc),Machine-readable benchmark/report artifact.,,False,True,False,False,,medium
reports/exp049_kv_files/exp049_Qwen_Qwen2.5-0.5B_file_kv_storage__offline_003__int8__v1.pt,unknown,V-lineage,Experiment (research arc),Unclassified tracked artifact.,,False,True,False,False,,medium
reports/exp049_kv_files/exp049_Qwen_Qwen2.5-0.5B_file_kv_storage__offline_003__k8_v4_sim__v1.meta.json,report_json,V-lineage,Experiment (research arc),Machine-readable benchmark/report artifact.,,False,True,False,False,,medium
reports/exp049_kv_files/exp049_Qwen_Qwen2.5-0.5B_file_kv_storage__offline_003__k8_v4_sim__v1.pt,unknown,V-lineage,Experiment (research arc),Unclassified tracked artifact.,,False,True,False,False,,medium
reports/exp049_kv_files/exp049_Qwen_Qwen2.5-0.5B_file_kv_storage__offline_004__int4_sim__v1.meta.json,report_json,V-lineage,Experiment (research arc),Machine-readable benchmark/report artifact.,,False,True,False,False,,medium
reports/exp049_kv_files/exp049_Qwen_Qwen2.5-0.5B_file_kv_storage__offline_004__int4_sim__v1.pt,unknown,V-lineage,Experiment (research arc),Unclassified tracked artifact.,,False,True,False,False,,medium
reports/exp049_kv_files/exp049_Qwen_Qwen2.5-0.5B_file_kv_storage__offline_004__int8__v1.meta.json,report_json,V-lineage,Experiment (research arc),Machine-readable benchmark/report artifact.,,False,True,False,False,,medium
reports/exp049_kv_files/exp049_Qwen_Qwen2.5-0.5B_file_kv_storage__offline_004__int8__v1.pt,unknown,V-lineage,Experiment (research arc),Unclassified tracked artifact.,,False,True,False,False,,medium
reports/exp049_kv_files/exp049_Qwen_Qwen2.5-0.5B_file_kv_storage__offline_004__k8_v4_sim__v1.meta.json,report_json,V-lineage,Experiment (research arc),Machine-readable benchmark/report artifact.,,False,True,False,False,,medium
reports/exp049_kv_files/exp049_Qwen_Qwen2.5-0.5B_file_kv_storage__offline_004__k8_v4_sim__v1.pt,unknown,V-lineage,Experiment (research arc),Unclassified tracked artifact.,,False,True,False,False,,medium
reports/exp049_kv_files/exp049_Qwen_Qwen2.5-0.5B_file_kv_storage__offline_005__int4_sim__v1.meta.json,report_json,V-lineage,Experiment (research arc),Machine-readable benchmark/report artifact.,,False,True,False,False,,medium
reports/exp049_kv_files/exp049_Qwen_Qwen2.5-0.5B_file_kv_storage__offline_005__int4_sim__v1.pt,unknown,V-lineage,Experiment (research arc),Unclassified tracked artifact.,,False,True,False,False,,medium
reports/exp049_kv_files/exp049_Qwen_Qwen2.5-0.5B_file_kv_storage__offline_005__int8__v1.meta.json,report_json,V-lineage,Experiment (research arc),Machine-readable benchmark/report artifact.,,False,True,False,False,,medium
reports/exp049_kv_files/exp049_Qwen_Qwen2.5-0.5B_file_kv_storage__offline_005__int8__v1.pt,unknown,V-lineage,Experiment (research arc),Unclassified tracked artifact.,,False,True,False,False,,medium
reports/exp049_kv_files/exp049_Qwen_Qwen2.5-0.5B_file_kv_storage__offline_005__k8_v4_sim__v1.meta.json,report_json,V-lineage,Experiment (research arc),Machine-readable benchmark/report artifact.,,False,True,False,False,,medium
reports/exp049_kv_files/exp049_Qwen_Qwen2.5-0.5B_file_kv_storage__offline_005__k8_v4_sim__v1.pt,unknown,V-lineage,Experiment (research arc),Unclassified tracked artifact.,,False,True,False,False,,medium
reports/exp049_kv_files/exp049_Qwen_Qwen2.5-0.5B_file_kv_storage__offline_006__int4_sim__v1.meta.json,report_json,V-lineage,Experiment (research arc),Machine-readable benchmark/report artifact.,,False,True,False,False,,medium
reports/exp049_kv_files/exp049_Qwen_Qwen2.5-0.5B_file_kv_storage__offline_006__int4_sim__v1.pt,unknown,V-lineage,Experiment (research arc),Unclassified tracked artifact.,,False,True,False,False,,medium
reports/exp049_kv_files/exp049_Qwen_Qwen2.5-0.5B_file_kv_storage__offline_006__int8__v1.meta.json,report_json,V-lineage,Experiment (research arc),Machine-readable benchmark/report artifact.,,False,True,False,False,,medium
reports/exp049_kv_files/exp049_Qwen_Qwen2.5-0.5B_file_kv_storage__offline_006__int8__v1.pt,unknown,V-lineage,Experiment (research arc),Unclassified tracked artifact.,,False,True,False,False,,medium
reports/exp049_kv_files/exp049_Qwen_Qwen2.5-0.5B_file_kv_storage__offline_006__k8_v4_sim__v1.meta.json,report_json,V-lineage,Experiment (research arc),Machine-readable benchmark/report artifact.,,False,True,False,False,,medium
reports/exp049_kv_files/exp049_Qwen_Qwen2.5-0.5B_file_kv_storage__offline_006__k8_v4_sim__v1.pt,unknown,V-lineage,Experiment (research arc),Unclassified tracked artifact.,,False,True,False,False,,medium
reports/exp050_kv_files/exp050_Qwen_Qwen2.5-0.5B_file_kv_storage__drift_001__int4_sim__dl4__v1.meta.json,report_json,V-lineage,Experiment (research arc),Machine-readable benchmark/report artifact.,,False,True,False,False,,medium
reports/exp050_kv_files/exp050_Qwen_Qwen2.5-0.5B_file_kv_storage__drift_001__int4_sim__dl4__v1.pt,unknown,V-lineage,Experiment (research arc),Unclassified tracked artifact.,,False,True,False,False,,medium
reports/exp050_kv_files/exp050_Qwen_Qwen2.5-0.5B_file_kv_storage__drift_001__int4_sim__dl8__v1.meta.json,report_json,V-lineage,Experiment (research arc),Machine-readable benchmark/report artifact.,,False,True,False,False,,medium
reports/exp050_kv_files/exp050_Qwen_Qwen2.5-0.5B_file_kv_storage__drift_001__int4_sim__dl8__v1.pt,unknown,V-lineage,Experiment (research arc),Unclassified tracked artifact.,,False,True,False,False,,medium
reports/exp050_kv_files/exp050_Qwen_Qwen2.5-0.5B_file_kv_storage__drift_001__int8__dl4__v1.meta.json,report_json,V-lineage,Experiment (research arc),Machine-readable benchmark/report artifact.,,False,True,False,False,,medium
reports/exp050_kv_files/exp050_Qwen_Qwen2.5-0.5B_file_kv_storage__drift_001__int8__dl4__v1.pt,unknown,V-lineage,Experiment (research arc),Unclassified tracked artifact.,,False,True,False,False,,medium
reports/exp050_kv_files/exp050_Qwen_Qwen2.5-0.5B_file_kv_storage__drift_001__int8__dl8__v1.meta.json,report_json,V-lineage,Experiment (research arc),Machine-readable benchmark/report artifact.,,False,True,False,False,,medium
reports/exp050_kv_files/exp050_Qwen_Qwen2.5-0.5B_file_kv_storage__drift_001__int8__dl8__v1.pt,unknown,V-lineage,Experiment (research arc),Unclassified tracked artifact.,,False,True,False,False,,medium
reports/exp050_kv_files/exp050_Qwen_Qwen2.5-0.5B_file_kv_storage__drift_001__k8_v4_boundary4_v8_sim__dl4__v1.meta.json,report_json,V-lineage,Experiment (research arc),Machine-readable benchmark/report artifact.,,False,True,False,False,,medium
reports/exp050_kv_files/exp050_Qwen_Qwen2.5-0.5B_file_kv_storage__drift_001__k8_v4_boundary4_v8_sim__dl4__v1.pt,unknown,V-lineage,Experiment (research arc),Unclassified tracked artifact.,,False,True,False,False,,medium
reports/exp050_kv_files/exp050_Qwen_Qwen2.5-0.5B_file_kv_storage__drift_001__k8_v4_boundary4_v8_sim__dl8__v1.meta.json,report_json,V-lineage,Experiment (research arc),Machine-readable benchmark/report artifact.,,False,True,False,False,,medium
reports/exp050_kv_files/exp050_Qwen_Qwen2.5-0.5B_file_kv_storage__drift_001__k8_v4_boundary4_v8_sim__dl8__v1.pt,unknown,V-lineage,Experiment (research arc),Unclassified tracked artifact.,,False,True,False,False,,medium
reports/exp050_kv_files/exp050_Qwen_Qwen2.5-0.5B_file_kv_storage__drift_001__k8_v4_sim__dl4__v1.meta.json,report_json,V-lineage,Experiment (research arc),Machine-readable benchmark/report artifact.,,False,True,False,False,,medium
reports/exp050_kv_files/exp050_Qwen_Qwen2.5-0.5B_file_kv_storage__drift_001__k8_v4_sim__dl4__v1.pt,unknown,V-lineage,Experiment (research arc),Unclassified tracked artifact.,,False,True,False,False,,medium
reports/exp050_kv_files/exp050_Qwen_Qwen2.5-0.5B_file_kv_storage__drift_001__k8_v4_sim__dl8__v1.meta.json,report_json,V-lineage,Experiment (research arc),Machine-readable benchmark/report artifact.,,False,True,False,False,,medium
reports/exp050_kv_files/exp050_Qwen_Qwen2.5-0.5B_file_kv_storage__drift_001__k8_v4_sim__dl8__v1.pt,unknown,V-lineage,Experiment (research arc),Unclassified tracked artifact.,,False,True,False,False,,medium
reports/exp050_kv_files/exp050_Qwen_Qwen2.5-0.5B_file_kv_storage__drift_002__int4_sim__dl4__v1.meta.json,report_json,V-lineage,Experiment (research arc),Machine-readable benchmark/report artifact.,,False,True,False,False,,medium
reports/exp050_kv_files/exp050_Qwen_Qwen2.5-0.5B_file_kv_storage__drift_002__int4_sim__dl4__v1.pt,unknown,V-lineage,Experiment (research arc),Unclassified tracked artifact.,,False,True,False,False,,medium
reports/exp050_kv_files/exp050_Qwen_Qwen2.5-0.5B_file_kv_storage__drift_002__int4_sim__dl8__v1.meta.json,report_json,V-lineage,Experiment (research arc),Machine-readable benchmark/report artifact.,,False,True,False,False,,medium
reports/exp050_kv_files/exp050_Qwen_Qwen2.5-0.5B_file_kv_storage__drift_002__int4_sim__dl8__v1.pt,unknown,V-lineage,Experiment (research arc),Unclassified tracked artifact.,,False,True,False,False,,medium
reports/exp050_kv_files/exp050_Qwen_Qwen2.5-0.5B_file_kv_storage__drift_002__int8__dl4__v1.meta.json,report_json,V-lineage,Experiment (research arc),Machine-readable benchmark/report artifact.,,False,True,False,False,,medium
reports/exp050_kv_files/exp050_Qwen_Qwen2.5-0.5B_file_kv_storage__drift_002__int8__dl4__v1.pt,unknown,V-lineage,Experiment (research arc),Unclassified tracked artifact.,,False,True,False,False,,medium
reports/exp050_kv_files/exp050_Qwen_Qwen2.5-0.5B_file_kv_storage__drift_002__int8__dl8__v1.meta.json,report_json,V-lineage,Experiment (research arc),Machine-readable benchmark/report artifact.,,False,True,False,False,,medium
reports/exp050_kv_files/exp050_Qwen_Qwen2.5-0.5B_file_kv_storage__drift_002__int8__dl8__v1.pt,unknown,V-lineage,Experiment (research arc),Unclassified tracked artifact.,,False,True,False,False,,medium
reports/exp050_kv_files/exp050_Qwen_Qwen2.5-0.5B_file_kv_storage__drift_002__k8_v4_boundary4_v8_sim__dl4__v1.meta.json,report_json,V-lineage,Experiment (research arc),Machine-readable benchmark/report artifact.,,False,True,False,False,,medium
reports/exp050_kv_files/exp050_Qwen_Qwen2.5-0.5B_file_kv_storage__drift_002__k8_v4_boundary4_v8_sim__dl4__v1.pt,unknown,V-lineage,Experiment (research arc),Unclassified tracked artifact.,,False,True,False,False,,medium
reports/exp050_kv_files/exp050_Qwen_Qwen2.5-0.5B_file_kv_storage__drift_002__k8_v4_boundary4_v8_sim__dl8__v1.meta.json,report_json,V-lineage,Experiment (research arc),Machine-readable benchmark/report artifact.,,False,True,False,False,,medium
reports/exp050_kv_files/exp050_Qwen_Qwen2.5-0.5B_file_kv_storage__drift_002__k8_v4_boundary4_v8_sim__dl8__v1.pt,unknown,V-lineage,Experiment (research arc),Unclassified tracked artifact.,,False,True,False,False,,medium
reports/exp050_kv_files/exp050_Qwen_Qwen2.5-0.5B_file_kv_storage__drift_002__k8_v4_sim__dl4__v1.meta.json,report_json,V-lineage,Experiment (research arc),Machine-readable benchmark/report artifact.,,False,True,False,False,,medium
reports/exp050_kv_files/exp050_Qwen_Qwen2.5-0.5B_file_kv_storage__drift_002__k8_v4_sim__dl4__v1.pt,unknown,V-lineage,Experiment (research arc),Unclassified tracked artifact.,,False,True,False,False,,medium
reports/exp050_kv_files/exp050_Qwen_Qwen2.5-0.5B_file_kv_storage__drift_002__k8_v4_sim__dl8__v1.meta.json,report_json,V-lineage,Experiment (research arc),Machine-readable benchmark/report artifact.,,False,True,False,False,,medium
reports/exp050_kv_files/exp050_Qwen_Qwen2.5-0.5B_file_kv_storage__drift_002__k8_v4_sim__dl8__v1.pt,unknown,V-lineage,Experiment (research arc),Unclassified tracked artifact.,,False,True,False,False,,medium
reports/exp050_kv_files/exp050_Qwen_Qwen2.5-0.5B_file_kv_storage__drift_003__int4_sim__dl4__v1.meta.json,report_json,V-lineage,Experiment (research arc),Machine-readable benchmark/report artifact.,,False,True,False,False,,medium
reports/exp050_kv_files/exp050_Qwen_Qwen2.5-0.5B_file_kv_storage__drift_003__int4_sim__dl4__v1.pt,unknown,V-lineage,Experiment (research arc),Unclassified tracked artifact.,,False,True,False,False,,medium
reports/exp050_kv_files/exp050_Qwen_Qwen2.5-0.5B_file_kv_storage__drift_003__int4_sim__dl8__v1.meta.json,report_json,V-lineage,Experiment (research arc),Machine-readable benchmark/report artifact.,,False,True,False,False,,medium
reports/exp050_kv_files/exp050_Qwen_Qwen2.5-0.5B_file_kv_storage__drift_003__int4_sim__dl8__v1.pt,unknown,V-lineage,Experiment (research arc),Unclassified tracked artifact.,,False,True,False,False,,medium
reports/exp050_kv_files/exp050_Qwen_Qwen2.5-0.5B_file_kv_storage__drift_003__int8__dl4__v1.meta.json,report_json,V-lineage,Experiment (research arc),Machine-readable benchmark/report artifact.,,False,True,False,False,,medium
reports/exp050_kv_files/exp050_Qwen_Qwen2.5-0.5B_file_kv_storage__drift_003__int8__dl4__v1.pt,unknown,V-lineage,Experiment (research arc),Unclassified tracked artifact.,,False,True,False,False,,medium
reports/exp050_kv_files/exp050_Qwen_Qwen2.5-0.5B_file_kv_storage__drift_003__int8__dl8__v1.meta.json,report_json,V-lineage,Experiment (research arc),Machine-readable benchmark/report artifact.,,False,True,False,False,,medium
reports/exp050_kv_files/exp050_Qwen_Qwen2.5-0.5B_file_kv_storage__drift_003__int8__dl8__v1.pt,unknown,V-lineage,Experiment (research arc),Unclassified tracked artifact.,,False,True,False,False,,medium
reports/exp050_kv_files/exp050_Qwen_Qwen2.5-0.5B_file_kv_storage__drift_003__k8_v4_boundary4_v8_sim__dl4__v1.meta.json,report_json,V-lineage,Experiment (research arc),Machine-readable benchmark/report artifact.,,False,True,False,False,,medium
reports/exp050_kv_files/exp050_Qwen_Qwen2.5-0.5B_file_kv_storage__drift_003__k8_v4_boundary4_v8_sim__dl4__v1.pt,unknown,V-lineage,Experiment (research arc),Unclassified tracked artifact.,,False,True,False,False,,medium
reports/exp050_kv_files/exp050_Qwen_Qwen2.5-0.5B_file_kv_storage__drift_003__k8_v4_boundary4_v8_sim__dl8__v1.meta.json,report_json,V-lineage,Experiment (research arc),Machine-readable benchmark/report artifact.,,False,True,False,False,,medium
reports/exp050_kv_files/exp050_Qwen_Qwen2.5-0.5B_file_kv_storage__drift_003__k8_v4_boundary4_v8_sim__dl8__v1.pt,unknown,V-lineage,Experiment (research arc),Unclassified tracked artifact.,,False,True,False,False,,medium
reports/exp050_kv_files/exp050_Qwen_Qwen2.5-0.5B_file_kv_storage__drift_003__k8_v4_sim__dl4__v1.meta.json,report_json,V-lineage,Experiment (research arc),Machine-readable benchmark/report artifact.,,False,True,False,False,,medium
reports/exp050_kv_files/exp050_Qwen_Qwen2.5-0.5B_file_kv_storage__drift_003__k8_v4_sim__dl4__v1.pt,unknown,V-lineage,Experiment (research arc),Unclassified tracked artifact.,,False,True,False,False,,medium
reports/exp050_kv_files/exp050_Qwen_Qwen2.5-0.5B_file_kv_storage__drift_003__k8_v4_sim__dl8__v1.meta.json,report_json,V-lineage,Experiment (research arc),Machine-readable benchmark/report artifact.,,False,True,False,False,,medium
reports/exp050_kv_files/exp050_Qwen_Qwen2.5-0.5B_file_kv_storage__drift_003__k8_v4_sim__dl8__v1.pt,unknown,V-lineage,Experiment (research arc),Unclassified tracked artifact.,,False,True,False,False,,medium
reports/exp050_kv_files/exp050_Qwen_Qwen2.5-0.5B_file_kv_storage__drift_004__int4_sim__dl4__v1.meta.json,report_json,V-lineage,Experiment (research arc),Machine-readable benchmark/report artifact.,,False,True,False,False,,medium
reports/exp050_kv_files/exp050_Qwen_Qwen2.5-0.5B_file_kv_storage__drift_004__int4_sim__dl4__v1.pt,unknown,V-lineage,Experiment (research arc),Unclassified tracked artifact.,,False,True,False,False,,medium
reports/exp050_kv_files/exp050_Qwen_Qwen2.5-0.5B_file_kv_storage__drift_004__int4_sim__dl8__v1.meta.json,report_json,V-lineage,Experiment (research arc),Machine-readable benchmark/report artifact.,,False,True,False,False,,medium
reports/exp050_kv_files/exp050_Qwen_Qwen2.5-0.5B_file_kv_storage__drift_004__int4_sim__dl8__v1.pt,unknown,V-lineage,Experiment (research arc),Unclassified tracked artifact.,,False,True,False,False,,medium
reports/exp050_kv_files/exp050_Qwen_Qwen2.5-0.5B_file_kv_storage__drift_004__int8__dl4__v1.meta.json,report_json,V-lineage,Experiment (research arc),Machine-readable benchmark/report artifact.,,False,True,False,False,,medium
reports/exp050_kv_files/exp050_Qwen_Qwen2.5-0.5B_file_kv_storage__drift_004__int8__dl4__v1.pt,unknown,V-lineage,Experiment (research arc),Unclassified tracked artifact.,,False,True,False,False,,medium
reports/exp050_kv_files/exp050_Qwen_Qwen2.5-0.5B_file_kv_storage__drift_004__int8__dl8__v1.meta.json,report_json,V-lineage,Experiment (research arc),Machine-readable benchmark/report artifact.,,False,True,False,False,,medium
reports/exp050_kv_files/exp050_Qwen_Qwen2.5-0.5B_file_kv_storage__drift_004__int8__dl8__v1.pt,unknown,V-lineage,Experiment (research arc),Unclassified tracked artifact.,,False,True,False,False,,medium
reports/exp050_kv_files/exp050_Qwen_Qwen2.5-0.5B_file_kv_storage__drift_004__k8_v4_boundary4_v8_sim__dl4__v1.meta.json,report_json,V-lineage,Experiment (research arc),Machine-readable benchmark/report artifact.,,False,True,False,False,,medium
reports/exp050_kv_files/exp050_Qwen_Qwen2.5-0.5B_file_kv_storage__drift_004__k8_v4_boundary4_v8_sim__dl4__v1.pt,unknown,V-lineage,Experiment (research arc),Unclassified tracked artifact.,,False,True,False,False,,medium
reports/exp050_kv_files/exp050_Qwen_Qwen2.5-0.5B_file_kv_storage__drift_004__k8_v4_boundary4_v8_sim__dl8__v1.meta.json,report_json,V-lineage,Experiment (research arc),Machine-readable benchmark/report artifact.,,False,True,False,False,,medium
reports/exp050_kv_files/exp050_Qwen_Qwen2.5-0.5B_file_kv_storage__drift_004__k8_v4_boundary4_v8_sim__dl8__v1.pt,unknown,V-lineage,Experiment (research arc),Unclassified tracked artifact.,,False,True,False,False,,medium
reports/exp050_kv_files/exp050_Qwen_Qwen2.5-0.5B_file_kv_storage__drift_004__k8_v4_sim__dl4__v1.meta.json,report_json,V-lineage,Experiment (research arc),Machine-readable benchmark/report artifact.,,False,True,False,False,,medium
reports/exp050_kv_files/exp050_Qwen_Qwen2.5-0.5B_file_kv_storage__drift_004__k8_v4_sim__dl4__v1.pt,unknown,V-lineage,Experiment (research arc),Unclassified tracked artifact.,,False,True,False,False,,medium
reports/exp050_kv_files/exp050_Qwen_Qwen2.5-0.5B_file_kv_storage__drift_004__k8_v4_sim__dl8__v1.meta.json,report_json,V-lineage,Experiment (research arc),Machine-readable benchmark/report artifact.,,False,True,False,False,,medium
reports/exp050_kv_files/exp050_Qwen_Qwen2.5-0.5B_file_kv_storage__drift_004__k8_v4_sim__dl8__v1.pt,unknown,V-lineage,Experiment (research arc),Unclassified tracked artifact.,,False,True,False,False,,medium
reports/exp050_kv_files/exp050_Qwen_Qwen2.5-0.5B_file_kv_storage__drift_005__int4_sim__dl4__v1.meta.json,report_json,V-lineage,Experiment (research arc),Machine-readable benchmark/report artifact.,,False,True,False,False,,medium
reports/exp050_kv_files/exp050_Qwen_Qwen2.5-0.5B_file_kv_storage__drift_005__int4_sim__dl4__v1.pt,unknown,V-lineage,Experiment (research arc),Unclassified tracked artifact.,,False,True,False,False,,medium
reports/exp050_kv_files/exp050_Qwen_Qwen2.5-0.5B_file_kv_storage__drift_005__int4_sim__dl8__v1.meta.json,report_json,V-lineage,Experiment (research arc),Machine-readable benchmark/report artifact.,,False,True,False,False,,medium
reports/exp050_kv_files/exp050_Qwen_Qwen2.5-0.5B_file_kv_storage__drift_005__int4_sim__dl8__v1.pt,unknown,V-lineage,Experiment (research arc),Unclassified tracked artifact.,,False,True,False,False,,medium
reports/exp050_kv_files/exp050_Qwen_Qwen2.5-0.5B_file_kv_storage__drift_005__int8__dl4__v1.meta.json,report_json,V-lineage,Experiment (research arc),Machine-readable benchmark/report artifact.,,False,True,False,False,,medium
reports/exp050_kv_files/exp050_Qwen_Qwen2.5-0.5B_file_kv_storage__drift_005__int8__dl4__v1.pt,unknown,V-lineage,Experiment (research arc),Unclassified tracked artifact.,,False,True,False,False,,medium
reports/exp050_kv_files/exp050_Qwen_Qwen2.5-0.5B_file_kv_storage__drift_005__int8__dl8__v1.meta.json,report_json,V-lineage,Experiment (research arc),Machine-readable benchmark/report artifact.,,False,True,False,False,,medium
reports/exp050_kv_files/exp050_Qwen_Qwen2.5-0.5B_file_kv_storage__drift_005__int8__dl8__v1.pt,unknown,V-lineage,Experiment (research arc),Unclassified tracked artifact.,,False,True,False,False,,medium
reports/exp050_kv_files/exp050_Qwen_Qwen2.5-0.5B_file_kv_storage__drift_005__k8_v4_boundary4_v8_sim__dl4__v1.meta.json,report_json,V-lineage,Experiment (research arc),Machine-readable benchmark/report artifact.,,False,True,False,False,,medium
reports/exp050_kv_files/exp050_Qwen_Qwen2.5-0.5B_file_kv_storage__drift_005__k8_v4_boundary4_v8_sim__dl4__v1.pt,unknown,V-lineage,Experiment (research arc),Unclassified tracked artifact.,,False,True,False,False,,medium
reports/exp050_kv_files/exp050_Qwen_Qwen2.5-0.5B_file_kv_storage__drift_005__k8_v4_boundary4_v8_sim__dl8__v1.meta.json,report_json,V-lineage,Experiment (research arc),Machine-readable benchmark/report artifact.,,False,True,False,False,,medium
reports/exp050_kv_files/exp050_Qwen_Qwen2.5-0.5B_file_kv_storage__drift_005__k8_v4_boundary4_v8_sim__dl8__v1.pt,unknown,V-lineage,Experiment (research arc),Unclassified tracked artifact.,,False,True,False,False,,medium
reports/exp050_kv_files/exp050_Qwen_Qwen2.5-0.5B_file_kv_storage__drift_005__k8_v4_sim__dl4__v1.meta.json,report_json,V-lineage,Experiment (research arc),Machine-readable benchmark/report artifact.,,False,True,False,False,,medium
reports/exp050_kv_files/exp050_Qwen_Qwen2.5-0.5B_file_kv_storage__drift_005__k8_v4_sim__dl4__v1.pt,unknown,V-lineage,Experiment (research arc),Unclassified tracked artifact.,,False,True,False,False,,medium
reports/exp050_kv_files/exp050_Qwen_Qwen2.5-0.5B_file_kv_storage__drift_005__k8_v4_sim__dl8__v1.meta.json,report_json,V-lineage,Experiment (research arc),Machine-readable benchmark/report artifact.,,False,True,False,False,,medium
reports/exp050_kv_files/exp050_Qwen_Qwen2.5-0.5B_file_kv_storage__drift_005__k8_v4_sim__dl8__v1.pt,unknown,V-lineage,Experiment (research arc),Unclassified tracked artifact.,,False,True,False,False,,medium
reports/exp050_kv_files/exp050_Qwen_Qwen2.5-0.5B_file_kv_storage__drift_006__int4_sim__dl4__v1.meta.json,report_json,V-lineage,Experiment (research arc),Machine-readable benchmark/report artifact.,,False,True,False,False,,medium
reports/exp050_kv_files/exp050_Qwen_Qwen2.5-0.5B_file_kv_storage__drift_006__int4_sim__dl4__v1.pt,unknown,V-lineage,Experiment (research arc),Unclassified tracked artifact.,,False,True,False,False,,medium
reports/exp050_kv_files/exp050_Qwen_Qwen2.5-0.5B_file_kv_storage__drift_006__int4_sim__dl8__v1.meta.json,report_json,V-lineage,Experiment (research arc),Machine-readable benchmark/report artifact.,,False,True,False,False,,medium
reports/exp050_kv_files/exp050_Qwen_Qwen2.5-0.5B_file_kv_storage__drift_006__int4_sim__dl8__v1.pt,unknown,V-lineage,Experiment (research arc),Unclassified tracked artifact.,,False,True,False,False,,medium
reports/exp050_kv_files/exp050_Qwen_Qwen2.5-0.5B_file_kv_storage__drift_006__int8__dl4__v1.meta.json,report_json,V-lineage,Experiment (research arc),Machine-readable benchmark/report artifact.,,False,True,False,False,,medium
reports/exp050_kv_files/exp050_Qwen_Qwen2.5-0.5B_file_kv_storage__drift_006__int8__dl4__v1.pt,unknown,V-lineage,Experiment (research arc),Unclassified tracked artifact.,,False,True,False,False,,medium
reports/exp050_kv_files/exp050_Qwen_Qwen2.5-0.5B_file_kv_storage__drift_006__int8__dl8__v1.meta.json,report_json,V-lineage,Experiment (research arc),Machine-readable benchmark/report artifact.,,False,True,False,False,,medium
reports/exp050_kv_files/exp050_Qwen_Qwen2.5-0.5B_file_kv_storage__drift_006__int8__dl8__v1.pt,unknown,V-lineage,Experiment (research arc),Unclassified tracked artifact.,,False,True,False,False,,medium
reports/exp050_kv_files/exp050_Qwen_Qwen2.5-0.5B_file_kv_storage__drift_006__k8_v4_boundary4_v8_sim__dl4__v1.meta.json,report_json,V-lineage,Experiment (research arc),Machine-readable benchmark/report artifact.,,False,True,False,False,,medium
reports/exp050_kv_files/exp050_Qwen_Qwen2.5-0.5B_file_kv_storage__drift_006__k8_v4_boundary4_v8_sim__dl4__v1.pt,unknown,V-lineage,Experiment (research arc),Unclassified tracked artifact.,,False,True,False,False,,medium
reports/exp050_kv_files/exp050_Qwen_Qwen2.5-0.5B_file_kv_storage__drift_006__k8_v4_boundary4_v8_sim__dl8__v1.meta.json,report_json,V-lineage,Experiment (research arc),Machine-readable benchmark/report artifact.,,False,True,False,False,,medium
reports/exp050_kv_files/exp050_Qwen_Qwen2.5-0.5B_file_kv_storage__drift_006__k8_v4_boundary4_v8_sim__dl8__v1.pt,unknown,V-lineage,Experiment (research arc),Unclassified tracked artifact.,,False,True,False,False,,medium
reports/exp050_kv_files/exp050_Qwen_Qwen2.5-0.5B_file_kv_storage__drift_006__k8_v4_sim__dl4__v1.meta.json,report_json,V-lineage,Experiment (research arc),Machine-readable benchmark/report artifact.,,False,True,False,False,,medium
reports/exp050_kv_files/exp050_Qwen_Qwen2.5-0.5B_file_kv_storage__drift_006__k8_v4_sim__dl4__v1.pt,unknown,V-lineage,Experiment (research arc),Unclassified tracked artifact.,,False,True,False,False,,medium
reports/exp050_kv_files/exp050_Qwen_Qwen2.5-0.5B_file_kv_storage__drift_006__k8_v4_sim__dl8__v1.meta.json,report_json,V-lineage,Experiment (research arc),Machine-readable benchmark/report artifact.,,False,True,False,False,,medium
reports/exp050_kv_files/exp050_Qwen_Qwen2.5-0.5B_file_kv_storage__drift_006__k8_v4_sim__dl8__v1.pt,unknown,V-lineage,Experiment (research arc),Unclassified tracked artifact.,,False,True,False,False,,medium
reports/exp050_kv_files/exp050_Qwen_Qwen2.5-0.5B_file_kv_storage__drift_007__int4_sim__dl4__v1.meta.json,report_json,V-lineage,Experiment (research arc),Machine-readable benchmark/report artifact.,,False,True,False,False,,medium
reports/exp050_kv_files/exp050_Qwen_Qwen2.5-0.5B_file_kv_storage__drift_007__int4_sim__dl4__v1.pt,unknown,V-lineage,Experiment (research arc),Unclassified tracked artifact.,,False,True,False,False,,medium
reports/exp050_kv_files/exp050_Qwen_Qwen2.5-0.5B_file_kv_storage__drift_007__int4_sim__dl8__v1.meta.json,report_json,V-lineage,Experiment (research arc),Machine-readable benchmark/report artifact.,,False,True,False,False,,medium
reports/exp050_kv_files/exp050_Qwen_Qwen2.5-0.5B_file_kv_storage__drift_007__int4_sim__dl8__v1.pt,unknown,V-lineage,Experiment (research arc),Unclassified tracked artifact.,,False,True,False,False,,medium
reports/exp050_kv_files/exp050_Qwen_Qwen2.5-0.5B_file_kv_storage__drift_007__int8__dl4__v1.meta.json,report_json,V-lineage,Experiment (research arc),Machine-readable benchmark/report artifact.,,False,True,False,False,,medium
reports/exp050_kv_files/exp050_Qwen_Qwen2.5-0.5B_file_kv_storage__drift_007__int8__dl4__v1.pt,unknown,V-lineage,Experiment (research arc),Unclassified tracked artifact.,,False,True,False,False,,medium
reports/exp050_kv_files/exp050_Qwen_Qwen2.5-0.5B_file_kv_storage__drift_007__int8__dl8__v1.meta.json,report_json,V-lineage,Experiment (research arc),Machine-readable benchmark/report artifact.,,False,True,False,False,,medium
reports/exp050_kv_files/exp050_Qwen_Qwen2.5-0.5B_file_kv_storage__drift_007__int8__dl8__v1.pt,unknown,V-lineage,Experiment (research arc),Unclassified tracked artifact.,,False,True,False,False,,medium
reports/exp050_kv_files/exp050_Qwen_Qwen2.5-0.5B_file_kv_storage__drift_007__k8_v4_boundary4_v8_sim__dl4__v1.meta.json,report_json,V-lineage,Experiment (research arc),Machine-readable benchmark/report artifact.,,False,True,False,False,,medium
reports/exp050_kv_files/exp050_Qwen_Qwen2.5-0.5B_file_kv_storage__drift_007__k8_v4_boundary4_v8_sim__dl4__v1.pt,unknown,V-lineage,Experiment (research arc),Unclassified tracked artifact.,,False,True,False,False,,medium
reports/exp050_kv_files/exp050_Qwen_Qwen2.5-0.5B_file_kv_storage__drift_007__k8_v4_boundary4_v8_sim__dl8__v1.meta.json,report_json,V-lineage,Experiment (research arc),Machine-readable benchmark/report artifact.,,False,True,False,False,,medium
reports/exp050_kv_files/exp050_Qwen_Qwen2.5-0.5B_file_kv_storage__drift_007__k8_v4_boundary4_v8_sim__dl8__v1.pt,unknown,V-lineage,Experiment (research arc),Unclassified tracked artifact.,,False,True,False,False,,medium
reports/exp050_kv_files/exp050_Qwen_Qwen2.5-0.5B_file_kv_storage__drift_007__k8_v4_sim__dl4__v1.meta.json,report_json,V-lineage,Experiment (research arc),Machine-readable benchmark/report artifact.,,False,True,False,False,,medium
reports/exp050_kv_files/exp050_Qwen_Qwen2.5-0.5B_file_kv_storage__drift_007__k8_v4_sim__dl4__v1.pt,unknown,V-lineage,Experiment (research arc),Unclassified tracked artifact.,,False,True,False,False,,medium
reports/exp050_kv_files/exp050_Qwen_Qwen2.5-0.5B_file_kv_storage__drift_007__k8_v4_sim__dl8__v1.meta.json,report_json,V-lineage,Experiment (research arc),Machine-readable benchmark/report artifact.,,False,True,False,False,,medium
reports/exp050_kv_files/exp050_Qwen_Qwen2.5-0.5B_file_kv_storage__drift_007__k8_v4_sim__dl8__v1.pt,unknown,V-lineage,Experiment (research arc),Unclassified tracked artifact.,,False,True,False,False,,medium
reports/exp050_kv_files/exp050_Qwen_Qwen2.5-0.5B_file_kv_storage__drift_008__int4_sim__dl4__v1.meta.json,report_json,V-lineage,Experiment (research arc),Machine-readable benchmark/report artifact.,,False,True,False,False,,medium
reports/exp050_kv_files/exp050_Qwen_Qwen2.5-0.5B_file_kv_storage__drift_008__int4_sim__dl4__v1.pt,unknown,V-lineage,Experiment (research arc),Unclassified tracked artifact.,,False,True,False,False,,medium
reports/exp050_kv_files/exp050_Qwen_Qwen2.5-0.5B_file_kv_storage__drift_008__int4_sim__dl8__v1.meta.json,report_json,V-lineage,Experiment (research arc),Machine-readable benchmark/report artifact.,,False,True,False,False,,medium
reports/exp050_kv_files/exp050_Qwen_Qwen2.5-0.5B_file_kv_storage__drift_008__int4_sim__dl8__v1.pt,unknown,V-lineage,Experiment (research arc),Unclassified tracked artifact.,,False,True,False,False,,medium
reports/exp050_kv_files/exp050_Qwen_Qwen2.5-0.5B_file_kv_storage__drift_008__int8__dl4__v1.meta.json,report_json,V-lineage,Experiment (research arc),Machine-readable benchmark/report artifact.,,False,True,False,False,,medium
reports/exp050_kv_files/exp050_Qwen_Qwen2.5-0.5B_file_kv_storage__drift_008__int8__dl4__v1.pt,unknown,V-lineage,Experiment (research arc),Unclassified tracked artifact.,,False,True,False,False,,medium
reports/exp050_kv_files/exp050_Qwen_Qwen2.5-0.5B_file_kv_storage__drift_008__int8__dl8__v1.meta.json,report_json,V-lineage,Experiment (research arc),Machine-readable benchmark/report artifact.,,False,True,False,False,,medium
reports/exp050_kv_files/exp050_Qwen_Qwen2.5-0.5B_file_kv_storage__drift_008__int8__dl8__v1.pt,unknown,V-lineage,Experiment (research arc),Unclassified tracked artifact.,,False,True,False,False,,medium
reports/exp050_kv_files/exp050_Qwen_Qwen2.5-0.5B_file_kv_storage__drift_008__k8_v4_boundary4_v8_sim__dl4__v1.meta.json,report_json,V-lineage,Experiment (research arc),Machine-readable benchmark/report artifact.,,False,True,False,False,,medium
reports/exp050_kv_files/exp050_Qwen_Qwen2.5-0.5B_file_kv_storage__drift_008__k8_v4_boundary4_v8_sim__dl4__v1.pt,unknown,V-lineage,Experiment (research arc),Unclassified tracked artifact.,,False,True,False,False,,medium
reports/exp050_kv_files/exp050_Qwen_Qwen2.5-0.5B_file_kv_storage__drift_008__k8_v4_boundary4_v8_sim__dl8__v1.meta.json,report_json,V-lineage,Experiment (research arc),Machine-readable benchmark/report artifact.,,False,True,False,False,,medium
reports/exp050_kv_files/exp050_Qwen_Qwen2.5-0.5B_file_kv_storage__drift_008__k8_v4_boundary4_v8_sim__dl8__v1.pt,unknown,V-lineage,Experiment (research arc),Unclassified tracked artifact.,,False,True,False,False,,medium
reports/exp050_kv_files/exp050_Qwen_Qwen2.5-0.5B_file_kv_storage__drift_008__k8_v4_sim__dl4__v1.meta.json,report_json,V-lineage,Experiment (research arc),Machine-readable benchmark/report artifact.,,False,True,False,False,,medium
reports/exp050_kv_files/exp050_Qwen_Qwen2.5-0.5B_file_kv_storage__drift_008__k8_v4_sim__dl4__v1.pt,unknown,V-lineage,Experiment (research arc),Unclassified tracked artifact.,,False,True,False,False,,medium
reports/exp050_kv_files/exp050_Qwen_Qwen2.5-0.5B_file_kv_storage__drift_008__k8_v4_sim__dl8__v1.meta.json,report_json,V-lineage,Experiment (research arc),Machine-readable benchmark/report artifact.,,False,True,False,False,,medium
reports/exp050_kv_files/exp050_Qwen_Qwen2.5-0.5B_file_kv_storage__drift_008__k8_v4_sim__dl8__v1.pt,unknown,V-lineage,Experiment (research arc),Unclassified tracked artifact.,,False,True,False,False,,medium
reports/exp050_kv_files/exp050_Qwen_Qwen2.5-0.5B_file_kv_storage__drift_009__int4_sim__dl4__v1.meta.json,report_json,V-lineage,Experiment (research arc),Machine-readable benchmark/report artifact.,,False,True,False,False,,medium
reports/exp050_kv_files/exp050_Qwen_Qwen2.5-0.5B_file_kv_storage__drift_009__int4_sim__dl4__v1.pt,unknown,V-lineage,Experiment (research arc),Unclassified tracked artifact.,,False,True,False,False,,medium
reports/exp050_kv_files/exp050_Qwen_Qwen2.5-0.5B_file_kv_storage__drift_009__int4_sim__dl8__v1.meta.json,report_json,V-lineage,Experiment (research arc),Machine-readable benchmark/report artifact.,,False,True,False,False,,medium
reports/exp050_kv_files/exp050_Qwen_Qwen2.5-0.5B_file_kv_storage__drift_009__int4_sim__dl8__v1.pt,unknown,V-lineage,Experiment (research arc),Unclassified tracked artifact.,,False,True,False,False,,medium
reports/exp050_kv_files/exp050_Qwen_Qwen2.5-0.5B_file_kv_storage__drift_009__int8__dl4__v1.meta.json,report_json,V-lineage,Experiment (research arc),Machine-readable benchmark/report artifact.,,False,True,False,False,,medium
reports/exp050_kv_files/exp050_Qwen_Qwen2.5-0.5B_file_kv_storage__drift_009__int8__dl4__v1.pt,unknown,V-lineage,Experiment (research arc),Unclassified tracked artifact.,,False,True,False,False,,medium
reports/exp050_kv_files/exp050_Qwen_Qwen2.5-0.5B_file_kv_storage__drift_009__int8__dl8__v1.meta.json,report_json,V-lineage,Experiment (research arc),Machine-readable benchmark/report artifact.,,False,True,False,False,,medium
reports/exp050_kv_files/exp050_Qwen_Qwen2.5-0.5B_file_kv_storage__drift_009__int8__dl8__v1.pt,unknown,V-lineage,Experiment (research arc),Unclassified tracked artifact.,,False,True,False,False,,medium
reports/exp050_kv_files/exp050_Qwen_Qwen2.5-0.5B_file_kv_storage__drift_009__k8_v4_boundary4_v8_sim__dl4__v1.meta.json,report_json,V-lineage,Experiment (research arc),Machine-readable benchmark/report artifact.,,False,True,False,False,,medium
reports/exp050_kv_files/exp050_Qwen_Qwen2.5-0.5B_file_kv_storage__drift_009__k8_v4_boundary4_v8_sim__dl4__v1.pt,unknown,V-lineage,Experiment (research arc),Unclassified tracked artifact.,,False,True,False,False,,medium
reports/exp050_kv_files/exp050_Qwen_Qwen2.5-0.5B_file_kv_storage__drift_009__k8_v4_boundary4_v8_sim__dl8__v1.meta.json,report_json,V-lineage,Experiment (research arc),Machine-readable benchmark/report artifact.,,False,True,False,False,,medium
reports/exp050_kv_files/exp050_Qwen_Qwen2.5-0.5B_file_kv_storage__drift_009__k8_v4_boundary4_v8_sim__dl8__v1.pt,unknown,V-lineage,Experiment (research arc),Unclassified tracked artifact.,,False,True,False,False,,medium
reports/exp050_kv_files/exp050_Qwen_Qwen2.5-0.5B_file_kv_storage__drift_009__k8_v4_sim__dl4__v1.meta.json,report_json,V-lineage,Experiment (research arc),Machine-readable benchmark/report artifact.,,False,True,False,False,,medium
reports/exp050_kv_files/exp050_Qwen_Qwen2.5-0.5B_file_kv_storage__drift_009__k8_v4_sim__dl4__v1.pt,unknown,V-lineage,Experiment (research arc),Unclassified tracked artifact.,,False,True,False,False,,medium
reports/exp050_kv_files/exp050_Qwen_Qwen2.5-0.5B_file_kv_storage__drift_009__k8_v4_sim__dl8__v1.meta.json,report_json,V-lineage,Experiment (research arc),Machine-readable benchmark/report artifact.,,False,True,False,False,,medium
reports/exp050_kv_files/exp050_Qwen_Qwen2.5-0.5B_file_kv_storage__drift_009__k8_v4_sim__dl8__v1.pt,unknown,V-lineage,Experiment (research arc),Unclassified tracked artifact.,,False,True,False,False,,medium
reports/exp050_kv_files/exp050_Qwen_Qwen2.5-0.5B_file_kv_storage__drift_010__int4_sim__dl4__v1.meta.json,report_json,V-lineage,Experiment (research arc),Machine-readable benchmark/report artifact.,,False,True,False,False,,medium
reports/exp050_kv_files/exp050_Qwen_Qwen2.5-0.5B_file_kv_storage__drift_010__int4_sim__dl4__v1.pt,unknown,V-lineage,Experiment (research arc),Unclassified tracked artifact.,,False,True,False,False,,medium
reports/exp050_kv_files/exp050_Qwen_Qwen2.5-0.5B_file_kv_storage__drift_010__int4_sim__dl8__v1.meta.json,report_json,V-lineage,Experiment (research arc),Machine-readable benchmark/report artifact.,,False,True,False,False,,medium
reports/exp050_kv_files/exp050_Qwen_Qwen2.5-0.5B_file_kv_storage__drift_010__int4_sim__dl8__v1.pt,unknown,V-lineage,Experiment (research arc),Unclassified tracked artifact.,,False,True,False,False,,medium
reports/exp050_kv_files/exp050_Qwen_Qwen2.5-0.5B_file_kv_storage__drift_010__int8__dl4__v1.meta.json,report_json,V-lineage,Experiment (research arc),Machine-readable benchmark/report artifact.,,False,True,False,False,,medium
reports/exp050_kv_files/exp050_Qwen_Qwen2.5-0.5B_file_kv_storage__drift_010__int8__dl4__v1.pt,unknown,V-lineage,Experiment (research arc),Unclassified tracked artifact.,,False,True,False,False,,medium
reports/exp050_kv_files/exp050_Qwen_Qwen2.5-0.5B_file_kv_storage__drift_010__int8__dl8__v1.meta.json,report_json,V-lineage,Experiment (research arc),Machine-readable benchmark/report artifact.,,False,True,False,False,,medium
reports/exp050_kv_files/exp050_Qwen_Qwen2.5-0.5B_file_kv_storage__drift_010__int8__dl8__v1.pt,unknown,V-lineage,Experiment (research arc),Unclassified tracked artifact.,,False,True,False,False,,medium
reports/exp050_kv_files/exp050_Qwen_Qwen2.5-0.5B_file_kv_storage__drift_010__k8_v4_boundary4_v8_sim__dl4__v1.meta.json,report_json,V-lineage,Experiment (research arc),Machine-readable benchmark/report artifact.,,False,True,False,False,,medium
reports/exp050_kv_files/exp050_Qwen_Qwen2.5-0.5B_file_kv_storage__drift_010__k8_v4_boundary4_v8_sim__dl4__v1.pt,unknown,V-lineage,Experiment (research arc),Unclassified tracked artifact.,,False,True,False,False,,medium
reports/exp050_kv_files/exp050_Qwen_Qwen2.5-0.5B_file_kv_storage__drift_010__k8_v4_boundary4_v8_sim__dl8__v1.meta.json,report_json,V-lineage,Experiment (research arc),Machine-readable benchmark/report artifact.,,False,True,False,False,,medium
reports/exp050_kv_files/exp050_Qwen_Qwen2.5-0.5B_file_kv_storage__drift_010__k8_v4_boundary4_v8_sim__dl8__v1.pt,unknown,V-lineage,Experiment (research arc),Unclassified tracked artifact.,,False,True,False,False,,medium
reports/exp050_kv_files/exp050_Qwen_Qwen2.5-0.5B_file_kv_storage__drift_010__k8_v4_sim__dl4__v1.meta.json,report_json,V-lineage,Experiment (research arc),Machine-readable benchmark/report artifact.,,False,True,False,False,,medium
reports/exp050_kv_files/exp050_Qwen_Qwen2.5-0.5B_file_kv_storage__drift_010__k8_v4_sim__dl4__v1.pt,unknown,V-lineage,Experiment (research arc),Unclassified tracked artifact.,,False,True,False,False,,medium
reports/exp050_kv_files/exp050_Qwen_Qwen2.5-0.5B_file_kv_storage__drift_010__k8_v4_sim__dl8__v1.meta.json,report_json,V-lineage,Experiment (research arc),Machine-readable benchmark/report artifact.,,False,True,False,False,,medium
reports/exp050_kv_files/exp050_Qwen_Qwen2.5-0.5B_file_kv_storage__drift_010__k8_v4_sim__dl8__v1.pt,unknown,V-lineage,Experiment (research arc),Unclassified tracked artifact.,,False,True,False,False,,medium
reports/exp050_kv_files/exp050_Qwen_Qwen2.5-0.5B_file_kv_storage__drift_011__int4_sim__dl4__v1.meta.json,report_json,V-lineage,Experiment (research arc),Machine-readable benchmark/report artifact.,,False,True,False,False,,medium
reports/exp050_kv_files/exp050_Qwen_Qwen2.5-0.5B_file_kv_storage__drift_011__int4_sim__dl4__v1.pt,unknown,V-lineage,Experiment (research arc),Unclassified tracked artifact.,,False,True,False,False,,medium
reports/exp050_kv_files/exp050_Qwen_Qwen2.5-0.5B_file_kv_storage__drift_011__int4_sim__dl8__v1.meta.json,report_json,V-lineage,Experiment (research arc),Machine-readable benchmark/report artifact.,,False,True,False,False,,medium
reports/exp050_kv_files/exp050_Qwen_Qwen2.5-0.5B_file_kv_storage__drift_011__int4_sim__dl8__v1.pt,unknown,V-lineage,Experiment (research arc),Unclassified tracked artifact.,,False,True,False,False,,medium
reports/exp050_kv_files/exp050_Qwen_Qwen2.5-0.5B_file_kv_storage__drift_011__int8__dl4__v1.meta.json,report_json,V-lineage,Experiment (research arc),Machine-readable benchmark/report artifact.,,False,True,False,False,,medium
reports/exp050_kv_files/exp050_Qwen_Qwen2.5-0.5B_file_kv_storage__drift_011__int8__dl4__v1.pt,unknown,V-lineage,Experiment (research arc),Unclassified tracked artifact.,,False,True,False,False,,medium
reports/exp050_kv_files/exp050_Qwen_Qwen2.5-0.5B_file_kv_storage__drift_011__int8__dl8__v1.meta.json,report_json,V-lineage,Experiment (research arc),Machine-readable benchmark/report artifact.,,False,True,False,False,,medium
reports/exp050_kv_files/exp050_Qwen_Qwen2.5-0.5B_file_kv_storage__drift_011__int8__dl8__v1.pt,unknown,V-lineage,Experiment (research arc),Unclassified tracked artifact.,,False,True,False,False,,medium
reports/exp050_kv_files/exp050_Qwen_Qwen2.5-0.5B_file_kv_storage__drift_011__k8_v4_boundary4_v8_sim__dl4__v1.meta.json,report_json,V-lineage,Experiment (research arc),Machine-readable benchmark/report artifact.,,False,True,False,False,,medium
reports/exp050_kv_files/exp050_Qwen_Qwen2.5-0.5B_file_kv_storage__drift_011__k8_v4_boundary4_v8_sim__dl4__v1.pt,unknown,V-lineage,Experiment (research arc),Unclassified tracked artifact.,,False,True,False,False,,medium
reports/exp050_kv_files/exp050_Qwen_Qwen2.5-0.5B_file_kv_storage__drift_011__k8_v4_boundary4_v8_sim__dl8__v1.meta.json,report_json,V-lineage,Experiment (research arc),Machine-readable benchmark/report artifact.,,False,True,False,False,,medium
reports/exp050_kv_files/exp050_Qwen_Qwen2.5-0.5B_file_kv_storage__drift_011__k8_v4_boundary4_v8_sim__dl8__v1.pt,unknown,V-lineage,Experiment (research arc),Unclassified tracked artifact.,,False,True,False,False,,medium
reports/exp050_kv_files/exp050_Qwen_Qwen2.5-0.5B_file_kv_storage__drift_011__k8_v4_sim__dl4__v1.meta.json,report_json,V-lineage,Experiment (research arc),Machine-readable benchmark/report artifact.,,False,True,False,False,,medium
reports/exp050_kv_files/exp050_Qwen_Qwen2.5-0.5B_file_kv_storage__drift_011__k8_v4_sim__dl4__v1.pt,unknown,V-lineage,Experiment (research arc),Unclassified tracked artifact.,,False,True,False,False,,medium
reports/exp050_kv_files/exp050_Qwen_Qwen2.5-0.5B_file_kv_storage__drift_011__k8_v4_sim__dl8__v1.meta.json,report_json,V-lineage,Experiment (research arc),Machine-readable benchmark/report artifact.,,False,True,False,False,,medium
reports/exp050_kv_files/exp050_Qwen_Qwen2.5-0.5B_file_kv_storage__drift_011__k8_v4_sim__dl8__v1.pt,unknown,V-lineage,Experiment (research arc),Unclassified tracked artifact.,,False,True,False,False,,medium
reports/exp050_kv_files/exp050_Qwen_Qwen2.5-0.5B_file_kv_storage__drift_012__int4_sim__dl4__v1.meta.json,report_json,V-lineage,Experiment (research arc),Machine-readable benchmark/report artifact.,,False,True,False,False,,medium
reports/exp050_kv_files/exp050_Qwen_Qwen2.5-0.5B_file_kv_storage__drift_012__int4_sim__dl4__v1.pt,unknown,V-lineage,Experiment (research arc),Unclassified tracked artifact.,,False,True,False,False,,medium
reports/exp050_kv_files/exp050_Qwen_Qwen2.5-0.5B_file_kv_storage__drift_012__int4_sim__dl8__v1.meta.json,report_json,V-lineage,Experiment (research arc),Machine-readable benchmark/report artifact.,,False,True,False,False,,medium
reports/exp050_kv_files/exp050_Qwen_Qwen2.5-0.5B_file_kv_storage__drift_012__int4_sim__dl8__v1.pt,unknown,V-lineage,Experiment (research arc),Unclassified tracked artifact.,,False,True,False,False,,medium
reports/exp050_kv_files/exp050_Qwen_Qwen2.5-0.5B_file_kv_storage__drift_012__int8__dl4__v1.meta.json,report_json,V-lineage,Experiment (research arc),Machine-readable benchmark/report artifact.,,False,True,False,False,,medium
reports/exp050_kv_files/exp050_Qwen_Qwen2.5-0.5B_file_kv_storage__drift_012__int8__dl4__v1.pt,unknown,V-lineage,Experiment (research arc),Unclassified tracked artifact.,,False,True,False,False,,medium
reports/exp050_kv_files/exp050_Qwen_Qwen2.5-0.5B_file_kv_storage__drift_012__int8__dl8__v1.meta.json,report_json,V-lineage,Experiment (research arc),Machine-readable benchmark/report artifact.,,False,True,False,False,,medium
reports/exp050_kv_files/exp050_Qwen_Qwen2.5-0.5B_file_kv_storage__drift_012__int8__dl8__v1.pt,unknown,V-lineage,Experiment (research arc),Unclassified tracked artifact.,,False,True,False,False,,medium
reports/exp050_kv_files/exp050_Qwen_Qwen2.5-0.5B_file_kv_storage__drift_012__k8_v4_boundary4_v8_sim__dl4__v1.meta.json,report_json,V-lineage,Experiment (research arc),Machine-readable benchmark/report artifact.,,False,True,False,False,,medium
reports/exp050_kv_files/exp050_Qwen_Qwen2.5-0.5B_file_kv_storage__drift_012__k8_v4_boundary4_v8_sim__dl4__v1.pt,unknown,V-lineage,Experiment (research arc),Unclassified tracked artifact.,,False,True,False,False,,medium
reports/exp050_kv_files/exp050_Qwen_Qwen2.5-0.5B_file_kv_storage__drift_012__k8_v4_boundary4_v8_sim__dl8__v1.meta.json,report_json,V-lineage,Experiment (research arc),Machine-readable benchmark/report artifact.,,False,True,False,False,,medium
reports/exp050_kv_files/exp050_Qwen_Qwen2.5-0.5B_file_kv_storage__drift_012__k8_v4_boundary4_v8_sim__dl8__v1.pt,unknown,V-lineage,Experiment (research arc),Unclassified tracked artifact.,,False,True,False,False,,medium
reports/exp050_kv_files/exp050_Qwen_Qwen2.5-0.5B_file_kv_storage__drift_012__k8_v4_sim__dl4__v1.meta.json,report_json,V-lineage,Experiment (research arc),Machine-readable benchmark/report artifact.,,False,True,False,False,,medium
reports/exp050_kv_files/exp050_Qwen_Qwen2.5-0.5B_file_kv_storage__drift_012__k8_v4_sim__dl4__v1.pt,unknown,V-lineage,Experiment (research arc),Unclassified tracked artifact.,,False,True,False,False,,medium
reports/exp050_kv_files/exp050_Qwen_Qwen2.5-0.5B_file_kv_storage__drift_012__k8_v4_sim__dl8__v1.meta.json,report_json,V-lineage,Experiment (research arc),Machine-readable benchmark/report artifact.,,False,True,False,False,,medium
reports/exp050_kv_files/exp050_Qwen_Qwen2.5-0.5B_file_kv_storage__drift_012__k8_v4_sim__dl8__v1.pt,unknown,V-lineage,Experiment (research arc),Unclassified tracked artifact.,,False,True,False,False,,medium
reports/leaderboard.md,doc,unknown,,Documentation / supporting note.,,False,False,False,False,,low
reports/methodology.md,doc,unknown,,Documentation / supporting note.,,False,False,False,False,,low
reports/phaseA_benchmark.md,doc,Phase-lineage,Formal Phase A-K pipeline,Documentation / supporting note.,,False,False,True,False,,medium
reports/phaseG_divergence_map.png,plot,Phase-lineage,Formal Phase A-K pipeline,Visual asset (plot/figure/video frame).,,False,False,False,False,,medium
reports/plots/divergence_compression_curve.png,plot,unknown,,Visual asset (plot/figure/video frame).,,False,False,False,False,,low
reports/plots/layer_drift_heatmap.png,plot,unknown,,Visual asset (plot/figure/video frame).,,False,False,False,False,,low
reports/plots/memory_proxy_bars.png,plot,unknown,,Visual asset (plot/figure/video frame).,,False,False,False,False,,low
reports/plots/phaseG_divergence_map.png,plot,Phase-lineage,Formal Phase A-K pipeline,Visual asset (plot/figure/video frame).,,False,False,False,False,,medium
reports/plots/plots_manifest.json,report_json,unknown,,Machine-readable benchmark/report artifact.,,False,False,False,False,,low
reports/public_release/README_PUBLIC.md,doc,final launch,Phase K / launch package,Documentation / supporting note.,,True,False,False,True,,high
reports/public_release/benchmark_summary.md,doc,final launch,Phase K / launch package,Documentation / supporting note.,,True,False,False,True,,high
reports/public_release/demo_cards.json,report_json,final launch,Phase K / launch package,Machine-readable benchmark/report artifact.,,True,False,False,True,,high
reports/public_release/demo_cards.md,doc,final launch,Phase K / launch package,Documentation / supporting note.,,True,False,False,True,,high
reports/public_release/launch_manifest.json,report_json,final launch,Phase K / launch package,Machine-readable benchmark/report artifact.,exactkv_failures=0,False,False,False,True,,medium
reports/public_release/leaderboard_final.json,report_json,final launch,Phase K / launch package,Machine-readable benchmark/report artifact.,deterministic_mode=False; status=leaderboard_complete,True,False,False,True,,high
reports/public_release/methodology.md,doc,final launch,Phase K / launch package,Documentation / supporting note.,,True,False,False,True,,high
reports/public_release/release_manifest.json,report_json,final launch,Phase K / launch package,Machine-readable benchmark/report artifact.,total_cells=1500,True,False,False,True,,high
reports/public_release/repro_command.sh,script,final launch,Phase K / launch package,"Executable experiment, benchmark, or tooling script.",,False,False,False,False,,high
reports/repro_command.sh,script,unknown,,"Executable experiment, benchmark, or tooling script.",,False,False,False,False,,high
reports/scale_7b/leaderboard.csv,benchmark_output,unknown,,Tabular benchmark output (CSV).,,True,False,False,True,,high
reports/scale_7b/leaderboard.json,report_json,unknown,,Machine-readable benchmark/report artifact.,deterministic_mode=False; status=leaderboard_complete,True,False,False,True,,high
reports/scale_7b/leaderboard.md,doc,unknown,,Documentation / supporting note.,,True,False,False,True,,high
reports/scale_7b/raw.json,report_json,unknown,,Machine-readable benchmark/report artifact.,total_cells=1500; exactkv_failures=0; deterministic_mode=False; status=benchmark_complete,True,False,False,True,,high
reports/scale_7b/scale_summary.json,report_json,unknown,,Machine-readable benchmark/report artifact.,total_cells=1500; exactkv_failures=0; deterministic_mode=False; status=scale_benchmark_complete,True,False,False,True,,high
reports/visuals/exp117/boundary_overlay.png,plot,V-lineage,Experiment (research arc),Visual asset (plot/figure/video frame).,,False,True,False,False,,medium
reports/visuals/exp117/exp117_manifest.json,report_json,V-lineage,Experiment (research arc),Machine-readable benchmark/report artifact.,status=visualization_complete,False,True,False,False,,medium
reports/visuals/exp117/interaction_heatmaps.png,plot,V-lineage,Experiment (research arc),Visual asset (plot/figure/video frame).,,False,True,False,False,,medium
reports/visuals/exp117/length_sensitivity.png,plot,V-lineage,Experiment (research arc),Visual asset (plot/figure/video frame).,,False,True,False,False,,medium
reports/visuals/exp117/model_comparison.png,plot,V-lineage,Experiment (research arc),Visual asset (plot/figure/video frame).,,False,True,False,False,,medium
reports/visuals/exp117/phase_diagram.png,plot,V-lineage,Experiment (research arc),Visual asset (plot/figure/video frame).,,False,True,False,False,,medium
reports/visuals/exp117/stability_surface.png,plot,V-lineage,Experiment (research arc),Visual asset (plot/figure/video frame).,,False,True,False,False,,medium
reports/visuals/phaseC/acceptance_divergence_curve.png,plot,unknown,,Visual asset (plot/figure/video frame).,,False,False,False,False,,low
reports/visuals/phaseC/compression_failure_heatmap.png,plot,unknown,,Visual asset (plot/figure/video frame).,,False,False,False,False,,low
reports/visuals/phaseC/first_divergence_map.png,plot,unknown,,Visual asset (plot/figure/video frame).,,False,False,False,False,,low
reports/visuals/phaseC/phaseC_visual_synthesis.json,report_json,Phase-lineage,Formal Phase A-K pipeline,Machine-readable benchmark/report artifact.,,False,False,False,False,,medium
reports/visuals/phaseD/divergence_compression_curve.png,plot,unknown,,Visual asset (plot/figure/video frame).,,False,False,False,False,,low
reports/visuals/phaseD/layer_drift_heatmap.png,plot,unknown,,Visual asset (plot/figure/video frame).,,False,False,False,False,,low
reports/visuals/phaseD/memory_proxy_bars.png,plot,unknown,,Visual asset (plot/figure/video frame).,,False,False,False,False,,low
reports/visuals/phaseD/phaseD_visual_manifest.json,report_json,Phase-lineage,Formal Phase A-K pipeline,Machine-readable benchmark/report artifact.,,False,False,False,False,,medium
run_exp065_remote.sh,script,V-lineage,Experiment (research arc),"Executable experiment, benchmark, or tooling script.",,False,True,False,False,,high
scripts/analysis/run_exp116_instability_regime_extraction.py,script,V-lineage,Experiment (research arc),"Executable experiment, benchmark, or tooling script.",,False,True,False,False,,high
scripts/analysis/run_exp117_instability_visualization_engine.py,script,V-lineage,Experiment (research arc),"Executable experiment, benchmark, or tooling script.",,False,True,False,False,,high
scripts/audit_public_claims.py,script,unknown,,"Executable experiment, benchmark, or tooling script.",,False,False,False,False,,high
scripts/build_launch_pack.py,script,final launch,Phase K / launch package,"Executable experiment, benchmark, or tooling script.",,False,False,False,False,,high
scripts/build_project_lineage.py,script,unknown,,"Executable experiment, benchmark, or tooling script.",,False,False,False,False,,high
scripts/check_docs_links.py,script,unknown,,"Executable experiment, benchmark, or tooling script.",,False,False,False,False,,high
scripts/check_launch_pack.py,script,final launch,Phase K / launch package,"Executable experiment, benchmark, or tooling script.",,False,False,False,False,,high
scripts/check_no_secrets.py,script,unknown,,"Executable experiment, benchmark, or tooling script.",,False,False,False,False,,high
scripts/check_project_lineage.py,script,unknown,,"Executable experiment, benchmark, or tooling script.",,False,False,False,False,,high
scripts/check_public_release.py,script,final launch,Phase K / launch package,"Executable experiment, benchmark, or tooling script.",,False,False,False,False,,high
scripts/check_release_evidence.py,script,release gate,Gate R0/R1/R2,"Executable experiment, benchmark, or tooling script.",,False,False,False,False,,high
scripts/check_report_hygiene.py,script,unknown,,"Executable experiment, benchmark, or tooling script.",,False,False,False,False,,high
scripts/debug_lc003_span_failure.py,script,unknown,,"Executable experiment, benchmark, or tooling script.",,False,False,False,False,,high
scripts/debug_lc003_span_logits.py,script,unknown,,"Executable experiment, benchmark, or tooling script.",,False,False,False,False,,high
scripts/demo_exactkv_live_correction.py,script,unknown,,"Executable experiment, benchmark, or tooling script.",,False,False,False,False,,high
scripts/diagnose_throughput_methodology.py,script,unknown,,"Executable experiment, benchmark, or tooling script.",,False,False,False,False,,high
scripts/exactkv.py,script,unknown,,"Executable experiment, benchmark, or tooling script.",,False,False,False,False,,high
scripts/exactkv_leaderboard.py,script,unknown,,"Executable experiment, benchmark, or tooling script.",,False,False,False,False,,high
scripts/exactkv_repro.py,script,unknown,,"Executable experiment, benchmark, or tooling script.",,False,False,False,False,,high
scripts/exactkv_terminal_crash_test.py,script,unknown,,"Executable experiment, benchmark, or tooling script.",,False,False,False,False,,high
scripts/exactkv_terminal_longbench_drift.py,script,unknown,,"Executable experiment, benchmark, or tooling script.",,False,False,False,False,,high
scripts/kvpress_research_scratch.py,script,unknown,,"Executable experiment, benchmark, or tooling script.",,False,False,False,False,,high
scripts/probe_shard_external_drafter.py,script,unknown,,"Executable experiment, benchmark, or tooling script.",,False,False,False,False,,high
scripts/probe_spectralquant.py,script,unknown,,"Executable experiment, benchmark, or tooling script.",,False,False,False,False,,high
scripts/record_terminal_demo.sh,script,unknown,,"Executable experiment, benchmark, or tooling script.",,False,False,False,False,,high
scripts/render_exactkv_crash_test_video.py,script,unknown,,"Executable experiment, benchmark, or tooling script.",,False,False,False,False,,high
scripts/render_public_visuals_036.py,script,unknown,,"Executable experiment, benchmark, or tooling script.",,False,False,False,False,,high
scripts/repro_all.sh,script,unknown,,"Executable experiment, benchmark, or tooling script.",,False,False,False,False,,high
scripts/research/exp030_diagnostic_timing_runpod.sh,script,V-lineage,Experiment (research arc),"Executable experiment, benchmark, or tooling script.",,False,True,False,False,,high
scripts/research/exp031_gpu_memory_isolation_runpod.sh,script,V-lineage,Experiment (research arc),"Executable experiment, benchmark, or tooling script.",,False,True,False,False,,high
scripts/research/exp033_llama31_8b_runpod.sh,script,V-lineage,Experiment (research arc),"Executable experiment, benchmark, or tooling script.",,False,True,False,False,,high
scripts/research/exp038_shard_probe_runpod.sh,script,V-lineage,Experiment (research arc),"Executable experiment, benchmark, or tooling script.",,False,True,False,False,,high
scripts/research/exp039_shard_stress_runpod.sh,script,V-lineage,Experiment (research arc),"Executable experiment, benchmark, or tooling script.",,False,True,False,False,,high
scripts/research/exp040_shard_ablation_runpod.sh,script,V-lineage,Experiment (research arc),"Executable experiment, benchmark, or tooling script.",,False,True,False,False,,high
scripts/research/exp041_shard_combined_stress_runpod.sh,script,V-lineage,Experiment (research arc),"Executable experiment, benchmark, or tooling script.",,False,True,False,False,,high
scripts/research/exp056_cuda_restored_verifier_runtime_gate_runpod.sh,script,V-lineage,Experiment (research arc),"Executable experiment, benchmark, or tooling script.",,False,True,False,False,,high
scripts/research/experiment_032_addendum_shard_spectralquant.py,script,unknown,,"Executable experiment, benchmark, or tooling script.",,False,True,False,False,,high
scripts/research/experiment_032_snapkv_shardkv_feasibility.py,script,unknown,,"Executable experiment, benchmark, or tooling script.",,False,True,False,False,,high
scripts/research/kivi_cuda_triton_exp024_inspect.py,script,V-lineage,Experiment (research arc),"Executable experiment, benchmark, or tooling script.",,False,True,False,False,,high
scripts/research/kivi_cuda_triton_exp024_prep.sh,script,V-lineage,Experiment (research arc),"Executable experiment, benchmark, or tooling script.",,False,True,False,False,,high
scripts/research/kivi_cuda_triton_exp024_runpod_execute.sh,script,V-lineage,Experiment (research arc),"Executable experiment, benchmark, or tooling script.",,False,True,False,False,,high
scripts/research/kivi_kvquant_phase_d1_inspect.py,script,unknown,,"Executable experiment, benchmark, or tooling script.",,False,False,False,False,,high
scripts/research/kvquant_exp023_runpod_prep.sh,script,V-lineage,Experiment (research arc),"Executable experiment, benchmark, or tooling script.",,False,True,False,False,,high
scripts/research/kvquant_phase_d4_inspect.py,script,unknown,,"Executable experiment, benchmark, or tooling script.",,False,False,False,False,,high
scripts/research/kvquant_runpod_commands.sh,script,unknown,,"Executable experiment, benchmark, or tooling script.",,False,False,False,False,,high
scripts/research/kvquant_runpod_d4b_execute.sh,script,unknown,,"Executable experiment, benchmark, or tooling script.",,False,False,False,False,,high
scripts/research/kvquant_runpod_forward_check.py,script,unknown,,"Executable experiment, benchmark, or tooling script.",,False,False,False,False,,high
scripts/research/kvquant_runpod_synthetic_calib.py,script,unknown,,"Executable experiment, benchmark, or tooling script.",,False,False,False,False,,high
scripts/research/kvquant_runpod_synthetic_calib_15b.py,script,unknown,,"Executable experiment, benchmark, or tooling script.",,False,False,False,False,,high
scripts/research/kvquant_runpod_write_results.sh,script,unknown,,"Executable experiment, benchmark, or tooling script.",,False,False,False,False,,high
scripts/research/performance_memory_boundary_inspect.py,script,unknown,,"Executable experiment, benchmark, or tooling script.",,False,False,False,False,,high
scripts/research/run_exp039_shard_stress_panel.py,script,V-lineage,Experiment (research arc),"Executable experiment, benchmark, or tooling script.",,False,True,False,False,,high
scripts/research/run_exp040_shard_ablation.py,script,V-lineage,Experiment (research arc),"Executable experiment, benchmark, or tooling script.",,False,True,False,False,,high
scripts/research/run_exp041_shard_combined_stress.py,script,V-lineage,Experiment (research arc),"Executable experiment, benchmark, or tooling script.",,False,True,False,False,,high
scripts/research/run_exp043_spectralquant_real_kv_smoke.py,script,V-lineage,Experiment (research arc),"Executable experiment, benchmark, or tooling script.",,False,True,False,False,,high
scripts/research/run_exp044_spectralquant_adapter_smoke.py,script,V-lineage,Experiment (research arc),"Executable experiment, benchmark, or tooling script.",,False,True,False,False,,high
scripts/research/run_exp045_spectralquant_restricted_panel.py,script,V-lineage,Experiment (research arc),"Executable experiment, benchmark, or tooling script.",,False,True,False,False,,high
scripts/research/run_exp046_full_kv_restore_smoke.py,script,V-lineage,Experiment (research arc),"Executable experiment, benchmark, or tooling script.",,False,True,False,False,,high
scripts/research/run_exp047_full_kv_restore_panel.py,script,V-lineage,Experiment (research arc),"Executable experiment, benchmark, or tooling script.",,False,True,False,False,,high
scripts/research/run_exp048_offline_verifier_restore_smoke.py,script,V-lineage,Experiment (research arc),"Executable experiment, benchmark, or tooling script.",,False,True,False,False,,high
scripts/research/run_exp049_offline_verifier_lossy_draft.py,script,V-lineage,Experiment (research arc),"Executable experiment, benchmark, or tooling script.",,False,True,False,False,,high
scripts/research/run_exp050_offline_restored_verifier_drift_stress.py,script,V-lineage,Experiment (research arc),"Executable experiment, benchmark, or tooling script.",,False,True,False,False,,high
scripts/research/run_exp051_offline_verifier_cuda_drift_panel.py,script,V-lineage,Experiment (research arc),"Executable experiment, benchmark, or tooling script.",,False,True,False,False,,high
scripts/research/run_exp052_restored_verifier_runner_smoke.py,script,V-lineage,Experiment (research arc),"Executable experiment, benchmark, or tooling script.",,False,True,False,False,,high
scripts/research/run_exp053_restored_verifier_runner_panel.py,script,V-lineage,Experiment (research arc),"Executable experiment, benchmark, or tooling script.",,False,True,False,False,,high
scripts/research/run_exp054_experimental_restored_verifier_runtime.py,script,V-lineage,Experiment (research arc),"Executable experiment, benchmark, or tooling script.",,False,True,False,False,,high
scripts/research/run_exp055_experimental_restored_verifier_cli.py,script,V-lineage,Experiment (research arc),"Executable experiment, benchmark, or tooling script.",,False,True,False,False,,high
scripts/research/run_exp056_cuda_restored_verifier_runtime_gate.py,script,V-lineage,Experiment (research arc),"Executable experiment, benchmark, or tooling script.",,False,True,False,False,,high
scripts/research/run_exp057_gpu_memory_accounting.py,script,V-lineage,Experiment (research arc),"Executable experiment, benchmark, or tooling script.",,False,True,False,False,,high
scripts/research/run_exp058_expanded_gpu_memory_panel.py,script,V-lineage,Experiment (research arc),"Executable experiment, benchmark, or tooling script.",,False,True,False,False,,high
scripts/research/run_exp059_vllm_feasibility_probe.py,script,V-lineage,Experiment (research arc),"Executable experiment, benchmark, or tooling script.",,False,True,False,False,,high
scripts/research/run_exp060_vllm_venv_feasibility.py,script,V-lineage,Experiment (research arc),"Executable experiment, benchmark, or tooling script.",,False,True,False,False,,high
scripts/research/run_exp061_vllm_version_sweep.py,script,V-lineage,Experiment (research arc),"Executable experiment, benchmark, or tooling script.",,False,True,False,False,,high
scripts/research/run_exp062_vllm_container_feasibility.py,script,V-lineage,Experiment (research arc),"Executable experiment, benchmark, or tooling script.",,False,True,False,False,,high
scripts/research/run_exp063_vllm_api_surface_recon.py,script,V-lineage,Experiment (research arc),"Executable experiment, benchmark, or tooling script.",,False,True,False,False,,high
scripts/research/run_exp064_vllm_kv_visibility_probe.py,script,V-lineage,Experiment (research arc),"Executable experiment, benchmark, or tooling script.",,False,True,False,False,,high
scripts/research/run_exp065_idle_vllm_object_kv_probe.py,script,V-lineage,Experiment (research arc),"Executable experiment, benchmark, or tooling script.",,False,True,False,False,,high
scripts/research/run_exp068_qwen_rope_long_context_attention_probe.py,script,V-lineage,Experiment (research arc),"Executable experiment, benchmark, or tooling script.",,False,True,False,False,,high
scripts/research/run_exp069_multilayer_attention_drift_accumulation.py,script,V-lineage,Experiment (research arc),"Executable experiment, benchmark, or tooling script.",,False,True,False,False,,high
scripts/research/run_exp070_streaming_multilayer_numerics_audit.py,script,V-lineage,Experiment (research arc),"Executable experiment, benchmark, or tooling script.",,False,True,False,False,,high
scripts/research/run_exp071_full_prefix_logit_drift_smoke.py,script,V-lineage,Experiment (research arc),"Executable experiment, benchmark, or tooling script.",,False,True,False,False,,high
scripts/research/run_exp072_full_depth_divergence_trace.py,script,V-lineage,Experiment (research arc),"Executable experiment, benchmark, or tooling script.",,False,True,False,False,,high
scripts/research/run_exp073_qwen_family_divergence_panel.py,script,V-lineage,Experiment (research arc),"Executable experiment, benchmark, or tooling script.",,False,True,False,False,,high
scripts/research/run_exp074_attention_tolerance_policy_panel.py,script,V-lineage,Experiment (research arc),"Executable experiment, benchmark, or tooling script.",,False,True,False,False,,high
scripts/research/run_exp075_generation_shadow_wiring_review.py,script,V-lineage,Experiment (research arc),"Executable experiment, benchmark, or tooling script.",,False,True,False,False,,high
scripts/research/run_exp076_generation_shadow_observer_smoke.py,script,V-lineage,Experiment (research arc),"Executable experiment, benchmark, or tooling script.",,False,True,False,False,,high
scripts/research/run_exp077_generation_shadow_prompt_plus_generated_panel.py,script,V-lineage,Experiment (research arc),"Executable experiment, benchmark, or tooling script.",,False,True,False,False,,high
scripts/research/run_exp078_generation_shadow_expanded_panel.py,script,V-lineage,Experiment (research arc),"Executable experiment, benchmark, or tooling script.",,False,True,False,False,,high
scripts/research/run_exp079_decode_prefix_ladder_shadow_observer.py,script,V-lineage,Experiment (research arc),"Executable experiment, benchmark, or tooling script.",,False,True,False,False,,high
scripts/research/run_exp080_round_log_shadow_observer.py,script,V-lineage,Experiment (research arc),"Executable experiment, benchmark, or tooling script.",,False,True,False,False,,high
scripts/research/run_exp081_live_round_observer_smoke.py,script,V-lineage,Experiment (research arc),"Executable experiment, benchmark, or tooling script.",,False,True,False,False,,high
scripts/research/run_exp082_live_observer_shadow_panel.py,script,V-lineage,Experiment (research arc),"Executable experiment, benchmark, or tooling script.",,False,True,False,False,,high
scripts/research/run_exp083_guarded_decode_time_shadow_smoke.py,script,V-lineage,Experiment (research arc),"Executable experiment, benchmark, or tooling script.",,False,True,False,False,,high
scripts/research/run_exp084_guarded_decode_time_shadow_panel.py,script,V-lineage,Experiment (research arc),"Executable experiment, benchmark, or tooling script.",,False,True,False,False,,high
scripts/research/run_exp085_phase16_closeout_summary.py,script,V-lineage,Experiment (research arc),"Executable experiment, benchmark, or tooling script.",,False,True,False,False,,high
scripts/research/run_exp086_claim_safe_demo_packaging.py,script,V-lineage,Experiment (research arc),"Executable experiment, benchmark, or tooling script.",,False,True,False,False,,high
scripts/research/run_exp087_broader_model_validation_panel.py,script,V-lineage,Experiment (research arc),"Executable experiment, benchmark, or tooling script.",,False,True,False,False,,high
scripts/research/run_exp088_long_context_validation_panel.py,script,V-lineage,Experiment (research arc),"Executable experiment, benchmark, or tooling script.",,False,True,False,False,,high
scripts/research/run_exp089_integration_design_review.py,script,V-lineage,Experiment (research arc),"Executable experiment, benchmark, or tooling script.",,False,True,False,False,,high
scripts/research/run_exp090_integration_safety_spec.py,script,V-lineage,Experiment (research arc),"Executable experiment, benchmark, or tooling script.",,False,True,False,False,,high
scripts/research/run_exp091_guarded_draft_shadow_no_commit_scaffold.py,script,V-lineage,Experiment (research arc),"Executable experiment, benchmark, or tooling script.",,False,True,False,False,,high
scripts/research/run_exp092_guarded_draft_shadow_panel_validation.py,script,V-lineage,Experiment (research arc),"Executable experiment, benchmark, or tooling script.",,False,True,False,False,,high
scripts/research/run_exp093_shadow_top1_extraction_hardening.py,script,V-lineage,Experiment (research arc),"Executable experiment, benchmark, or tooling script.",,False,True,False,False,,high
scripts/research/run_exp094_shadow_proposal_provenance_audit.py,script,V-lineage,Experiment (research arc),"Executable experiment, benchmark, or tooling script.",,False,True,False,False,,high
scripts/research/run_exp095_round_log_draft_proposal_source.py,script,V-lineage,Experiment (research arc),"Executable experiment, benchmark, or tooling script.",,False,True,False,False,,high
scripts/research/run_exp096_round_log_proposal_source_comparison_panel.py,script,V-lineage,Experiment (research arc),"Executable experiment, benchmark, or tooling script.",,False,True,False,False,,high
scripts/research/run_exp097_l3_promoted_source_validation.py,script,V-lineage,Experiment (research arc),"Executable experiment, benchmark, or tooling script.",,False,True,False,False,,high
scripts/research/run_exp098_pre_l4_safety_gate_review.py,script,V-lineage,Experiment (research arc),"Executable experiment, benchmark, or tooling script.",,False,True,False,False,,high
scripts/research/run_exp099_l4_verifier_mediated_design_spec.py,script,V-lineage,Experiment (research arc),"Executable experiment, benchmark, or tooling script.",,False,True,False,False,,high
scripts/research/run_exp100_l4_contract_tests_no_runtime.py,script,V-lineage,Experiment (research arc),"Executable experiment, benchmark, or tooling script.",,False,True,False,False,,high
scripts/research/run_exp101_l4_integration_plan_review.py,script,V-lineage,Experiment (research arc),"Executable experiment, benchmark, or tooling script.",,False,True,False,False,,high
scripts/research/run_exp102_l4_noop_opt_in_scaffold.py,script,V-lineage,Experiment (research arc),"Executable experiment, benchmark, or tooling script.",,False,True,False,False,,high
scripts/research/run_exp103_l4_noop_scaffold_panel_validation.py,script,V-lineage,Experiment (research arc),"Executable experiment, benchmark, or tooling script.",,False,True,False,False,,high
scripts/research/run_exp104_l4_trace_only_dry_run_design.py,script,V-lineage,Experiment (research arc),"Executable experiment, benchmark, or tooling script.",,False,True,False,False,,high
scripts/research/run_exp105_l4_trace_only_dry_run_scaffold.py,script,V-lineage,Experiment (research arc),"Executable experiment, benchmark, or tooling script.",,False,True,False,False,,high
scripts/research/run_exp106_l4_trace_only_dry_run_panel_validation.py,script,V-lineage,Experiment (research arc),"Executable experiment, benchmark, or tooling script.",,False,True,False,False,,high
scripts/research/run_exp107_l4_verifier_evidence_trace_schema_design.py,script,V-lineage,Experiment (research arc),"Executable experiment, benchmark, or tooling script.",,False,True,False,False,,high
scripts/research/run_exp108_l4_verifier_evidence_trace_schema_scaffold.py,script,V-lineage,Experiment (research arc),"Executable experiment, benchmark, or tooling script.",,False,True,False,False,,high
scripts/research/run_exp109_l4_verifier_trace_schema_example_validation.py,script,V-lineage,Experiment (research arc),"Executable experiment, benchmark, or tooling script.",,False,True,False,False,,high
scripts/research/run_exp110_l4_trace_schema_adversarial_injection_panel.py,script,V-lineage,Experiment (research arc),"Executable experiment, benchmark, or tooling script.",,False,True,False,False,,high
scripts/research/run_exp111_l4_verifier_runtime_instrumentation_design.py,script,V-lineage,Experiment (research arc),"Executable experiment, benchmark, or tooling script.",,False,True,False,False,,high
scripts/research/run_exp112_l4_stage3_verifier_mediated_dry_run_design.py,script,V-lineage,Experiment (research arc),"Executable experiment, benchmark, or tooling script.",,False,True,False,False,,high
scripts/research/run_exp113_l4_stage3_verifier_mediated_dry_run_scaffold.py,script,V-lineage,Experiment (research arc),"Executable experiment, benchmark, or tooling script.",,False,True,False,False,,high
scripts/research/run_exp114_l4_minimal_runtime_coupling_panel.py,script,V-lineage,Experiment (research arc),"Executable experiment, benchmark, or tooling script.",,False,True,False,False,,high
scripts/research/run_exp115_l4_runtime_coupling_stress_panel.py,script,V-lineage,Experiment (research arc),"Executable experiment, benchmark, or tooling script.",,False,True,False,False,,high
scripts/research/run_experiment_032b_snapkv_experimental_smoke.py,script,V-lineage,Experiment (research arc),"Executable experiment, benchmark, or tooling script.",,False,True,False,False,,high
scripts/research/turboquant_llamacpp_phase1_commands.sh,script,unknown,,"Executable experiment, benchmark, or tooling script.",,False,False,False,False,,high
scripts/research/turboquant_phase_a_inspect.py,script,unknown,,"Executable experiment, benchmark, or tooling script.",,False,False,False,False,,high
scripts/research/turboquant_production_phase1_inspect.py,script,unknown,,"Executable experiment, benchmark, or tooling script.",,False,False,False,False,,high
scripts/research/turboquant_production_toolchain_prep.sh,script,unknown,,"Executable experiment, benchmark, or tooling script.",,False,False,False,False,,high
scripts/research/turboquant_production_toolchain_resume.sh,script,unknown,,"Executable experiment, benchmark, or tooling script.",,False,False,False,False,,high
scripts/run_experiment_005_kvpress_knorm.py,script,V-lineage,Experiment (research arc),"Executable experiment, benchmark, or tooling script.",,False,True,False,False,,high
scripts/run_experiment_007_serving_context.py,script,V-lineage,Experiment (research arc),"Executable experiment, benchmark, or tooling script.",,False,True,False,False,,high
scripts/run_experiment_008_turboquant_python.py,script,V-lineage,Experiment (research arc),"Executable experiment, benchmark, or tooling script.",,False,True,False,False,,high
scripts/run_experiment_009_kivi_offline.py,script,V-lineage,Experiment (research arc),"Executable experiment, benchmark, or tooling script.",,False,True,False,False,,high
scripts/run_experiment_010_kvquant_sim.py,script,V-lineage,Experiment (research arc),"Executable experiment, benchmark, or tooling script.",,False,True,False,False,,high
scripts/run_experiment_011_larger_model_validation.py,script,V-lineage,Experiment (research arc),"Executable experiment, benchmark, or tooling script.",,False,True,False,False,,high
scripts/run_experiment_012_eval_suite_expansion.py,script,V-lineage,Experiment (research arc),"Executable experiment, benchmark, or tooling script.",,False,True,False,False,,high
scripts/run_experiment_013_sensitivity_forensics.py,script,V-lineage,Experiment (research arc),"Executable experiment, benchmark, or tooling script.",,False,True,False,False,,high
scripts/run_experiment_014_real_backend_spotchecks.py,script,V-lineage,Experiment (research arc),"Executable experiment, benchmark, or tooling script.",,False,True,False,False,,high
scripts/run_experiment_015_qwen15b_v10_suites.py,script,V-lineage,Experiment (research arc),"Executable experiment, benchmark, or tooling script.",,False,True,False,False,,high
scripts/run_experiment_016_qwen3b_v10_suites.py,script,V-lineage,Experiment (research arc),"Executable experiment, benchmark, or tooling script.",,False,True,False,False,,high
scripts/run_experiment_017_serving_sidecar_probe.py,script,V-lineage,Experiment (research arc),"Executable experiment, benchmark, or tooling script.",,False,True,False,False,,high
scripts/run_experiment_018_gpu_memory_pilot.py,script,V-lineage,Experiment (research arc),"Executable experiment, benchmark, or tooling script.",,False,True,False,False,,high
scripts/run_experiment_019_divergence_autopsy.py,script,V-lineage,Experiment (research arc),"Executable experiment, benchmark, or tooling script.",,False,True,False,False,,high
scripts/run_experiment_020_repair_policy_pilot.py,script,V-lineage,Experiment (research arc),"Executable experiment, benchmark, or tooling script.",,False,True,False,False,,high
scripts/run_experiment_022_turboquant_llamacpp_probe.py,script,V-lineage,Experiment (research arc),"Executable experiment, benchmark, or tooling script.",,False,True,False,False,,high
scripts/run_experiment_023_kvquant_larger_model.py,script,V-lineage,Experiment (research arc),"Executable experiment, benchmark, or tooling script.",,False,True,False,False,,high
scripts/run_experiment_025_full_suite_repair_policy.py,script,V-lineage,Experiment (research arc),"Executable experiment, benchmark, or tooling script.",,False,True,False,False,,high
scripts/run_experiment_026_attention_logging_feasibility.py,script,V-lineage,Experiment (research arc),"Executable experiment, benchmark, or tooling script.",,False,True,False,False,,high
scripts/run_experiment_028_span_verification_smoke.py,script,V-lineage,Experiment (research arc),"Executable experiment, benchmark, or tooling script.",,False,True,False,False,,high
scripts/run_experiment_029_span_verification_grid.py,script,V-lineage,Experiment (research arc),"Executable experiment, benchmark, or tooling script.",,False,True,False,False,,high
scripts/run_experiment_030_diagnostic_timing.py,script,V-lineage,Experiment (research arc),"Executable experiment, benchmark, or tooling script.",,False,True,False,False,,high
scripts/run_experiment_030b_span_parity_investigation.py,script,V-lineage,Experiment (research arc),"Executable experiment, benchmark, or tooling script.",,False,True,False,False,,high
scripts/run_experiment_031_gpu_memory_isolation.py,script,V-lineage,Experiment (research arc),"Executable experiment, benchmark, or tooling script.",,False,True,False,False,,high
scripts/run_experiment_033_llama31_8b_small_suite.py,script,V-lineage,Experiment (research arc),"Executable experiment, benchmark, or tooling script.",,False,True,False,False,,high
scripts/run_experiment_034_killer_correction_demo.py,script,V-lineage,Experiment (research arc),"Executable experiment, benchmark, or tooling script.",,False,True,False,False,,high
scripts/run_leaderboard.py,script,unknown,,"Executable experiment, benchmark, or tooling script.",,False,False,False,False,,high
scripts/run_novelty_audit.py,script,unknown,,"Executable experiment, benchmark, or tooling script.",,False,False,False,False,,high
scripts/run_phase_a_scale_benchmark.py,script,Phase-lineage,Formal Phase A-K pipeline,"Executable experiment, benchmark, or tooling script.",,False,False,False,False,,high
scripts/run_phase_c_publication.py,script,Phase-lineage,Formal Phase A-K pipeline,"Executable experiment, benchmark, or tooling script.",,False,False,False,False,,high
scripts/run_phase_d_runtime_probe.py,script,Phase-lineage,Formal Phase A-K pipeline,"Executable experiment, benchmark, or tooling script.",,False,False,False,False,,high
scripts/run_phase_e_kernel_demo.py,script,Phase-lineage,Formal Phase A-K pipeline,"Executable experiment, benchmark, or tooling script.",,False,False,False,False,,high
scripts/run_phase_f_kernel_benchmark.py,script,Phase-lineage,Formal Phase A-K pipeline,"Executable experiment, benchmark, or tooling script.",,False,False,False,False,,high
scripts/run_phase_g_unified_truth_engine.py,script,Phase-lineage,Formal Phase A-K pipeline,"Executable experiment, benchmark, or tooling script.",,False,False,False,False,,high
scripts/run_scale_7b_benchmark.py,script,unknown,,"Executable experiment, benchmark, or tooling script.",,False,False,False,False,,high
scripts/search_experiment_034b_semantic_correction_demo.py,script,unknown,,"Executable experiment, benchmark, or tooling script.",,False,True,False,False,,high
scripts/search_longbench_style_drift_demo.py,script,unknown,,"Executable experiment, benchmark, or tooling script.",,False,False,False,False,,high
scripts/setup/setup_vllm_venv_runpod.sh,script,unknown,,"Executable experiment, benchmark, or tooling script.",,False,True,False,False,,high
scripts/setup/sweep_vllm_versions_runpod.sh,script,unknown,,"Executable experiment, benchmark, or tooling script.",,False,True,False,False,,high
scripts/smoke_test.sh,script,unknown,,"Executable experiment, benchmark, or tooling script.",,False,False,False,False,,high
scripts/validate_v10_prompt_suites.py,script,unknown,,"Executable experiment, benchmark, or tooling script.",,False,False,False,False,,high
scripts/visualize_experiment_035.py,script,unknown,,"Executable experiment, benchmark, or tooling script.",,False,True,False,False,,high
tests/__init__.py,test,unknown,,Automated contract/regression test.,,False,False,False,False,,high
tests/analysis_fixtures.py,test,unknown,,Automated contract/regression test.,,False,False,False,False,,high
tests/test_acceptance_logic.py,test,unknown,,Automated contract/regression test.,,False,False,False,False,,high
tests/test_analysis_acceptance_tables.py,test,unknown,,Automated contract/regression test.,,False,False,False,False,,high
tests/test_analysis_attention_weighted.py,test,unknown,,Automated contract/regression test.,,False,False,False,False,,high
tests/test_analysis_examples.py,test,unknown,,Automated contract/regression test.,,False,False,False,False,,high
tests/test_analysis_failure_report.py,test,unknown,,Automated contract/regression test.,,False,False,False,False,,high
tests/test_analysis_histograms.py,test,unknown,,Automated contract/regression test.,,False,False,False,False,,high
tests/test_analysis_mismatch.py,test,unknown,,Automated contract/regression test.,,False,False,False,False,,high
tests/test_asymmetric_compressor_core.py,test,unknown,,Automated contract/regression test.,,False,False,False,False,,high
tests/test_asymmetric_registrations.py,test,unknown,,Automated contract/regression test.,,False,False,False,False,,high
tests/test_attention_logging.py,test,unknown,,Automated contract/regression test.,,False,False,False,False,,high
tests/test_attention_tolerance_policy.py,test,unknown,,Automated contract/regression test.,,False,False,False,False,,high
tests/test_backend_adapter_poc.py,test,unknown,,Automated contract/regression test.,,False,False,False,False,,high
tests/test_benchmark_gap_analysis.py,test,unknown,,Automated contract/regression test.,,False,False,False,False,,high
tests/test_benchmark_runner.py,test,unknown,,Automated contract/regression test.,,False,False,False,False,,high
tests/test_capabilities_asymmetric.py,test,unknown,,Automated contract/regression test.,,False,False,False,False,,high
tests/test_cli.py,test,unknown,,Automated contract/regression test.,,False,False,False,False,,high
tests/test_compressor_registry.py,test,unknown,,Automated contract/regression test.,,False,False,False,False,,high
tests/test_config_unified.py,test,unknown,,Automated contract/regression test.,,False,False,False,False,,high
tests/test_debug_noise_exactkv.py,test,unknown,,Automated contract/regression test.,,False,False,False,False,,high
tests/test_decode_time_shadow_observer.py,test,unknown,,Automated contract/regression test.,,False,True,False,False,,high
tests/test_divergence_autopsy.py,test,unknown,,Automated contract/regression test.,,False,False,False,False,,high
tests/test_docs_links.py,test,unknown,,Automated contract/regression test.,,False,False,False,False,,high
tests/test_dual_cache_abstraction.py,test,unknown,,Automated contract/regression test.,,False,False,False,False,,high
tests/test_exactkv_leaderboard.py,test,unknown,,Automated contract/regression test.,,False,False,False,False,,high
tests/test_exactkv_terminal_crash_test.py,test,unknown,,Automated contract/regression test.,,False,False,False,False,,high
tests/test_exactkv_terminal_longbench_drift.py,test,unknown,,Automated contract/regression test.,,False,False,False,False,,high
tests/test_example_script.py,test,unknown,,Automated contract/regression test.,,False,False,False,False,,high
tests/test_exp046_full_kv_restore_smoke.py,test,V-lineage,Experiment (research arc),Automated contract/regression test.,,False,True,False,False,,high
tests/test_exp047_full_kv_restore_panel.py,test,V-lineage,Experiment (research arc),Automated contract/regression test.,,False,True,False,False,,high
tests/test_exp048_offline_verifier_restore_smoke.py,test,V-lineage,Experiment (research arc),Automated contract/regression test.,,False,True,False,False,,high
tests/test_exp049_offline_verifier_lossy_draft.py,test,V-lineage,Experiment (research arc),Automated contract/regression test.,,False,True,False,False,,high
tests/test_exp050_offline_restored_verifier_drift_stress.py,test,V-lineage,Experiment (research arc),Automated contract/regression test.,,False,True,False,False,,high
tests/test_exp051_offline_verifier_cuda_drift_panel.py,test,V-lineage,Experiment (research arc),Automated contract/regression test.,,False,True,False,False,,high
tests/test_exp052_restored_verifier_runner_smoke.py,test,V-lineage,Experiment (research arc),Automated contract/regression test.,,False,True,False,False,,high
tests/test_exp053_restored_verifier_runner_panel.py,test,V-lineage,Experiment (research arc),Automated contract/regression test.,,False,True,False,False,,high
tests/test_exp054_experimental_restored_verifier_runtime.py,test,V-lineage,Experiment (research arc),Automated contract/regression test.,,False,True,False,False,,high
tests/test_exp055_experimental_restored_verifier_cli.py,test,V-lineage,Experiment (research arc),Automated contract/regression test.,,False,True,False,False,,high
tests/test_exp056_cuda_restored_verifier_runtime_gate.py,test,V-lineage,Experiment (research arc),Automated contract/regression test.,,False,True,False,False,,high
tests/test_exp057_gpu_memory_accounting.py,test,V-lineage,Experiment (research arc),Automated contract/regression test.,,False,True,False,False,,high
tests/test_exp058_expanded_gpu_memory_panel.py,test,V-lineage,Experiment (research arc),Automated contract/regression test.,,False,True,False,False,,high
tests/test_exp059_vllm_feasibility_probe.py,test,V-lineage,Experiment (research arc),Automated contract/regression test.,,False,True,False,False,,high
tests/test_exp060_vllm_venv_feasibility.py,test,V-lineage,Experiment (research arc),Automated contract/regression test.,,False,True,False,False,,high
tests/test_exp061_vllm_version_sweep.py,test,V-lineage,Experiment (research arc),Automated contract/regression test.,,False,True,False,False,,high
tests/test_exp062_vllm_container_feasibility.py,test,V-lineage,Experiment (research arc),Automated contract/regression test.,,False,True,False,False,,high
tests/test_exp063_vllm_api_surface_recon.py,test,V-lineage,Experiment (research arc),Automated contract/regression test.,,False,True,False,False,,high
tests/test_exp064_vllm_kv_visibility_probe.py,test,V-lineage,Experiment (research arc),Automated contract/regression test.,,False,True,False,False,,high
tests/test_exp065_idle_vllm_object_kv_probe.py,test,V-lineage,Experiment (research arc),Automated contract/regression test.,,False,True,False,False,,high
tests/test_exp068_qwen_rope_long_context_attention_probe.py,test,V-lineage,Experiment (research arc),Automated contract/regression test.,,False,True,False,False,,high
tests/test_exp069_multilayer_attention_drift_accumulation.py,test,V-lineage,Experiment (research arc),Automated contract/regression test.,,False,True,False,False,,high
tests/test_exp070_streaming_multilayer_numerics_audit.py,test,V-lineage,Experiment (research arc),Automated contract/regression test.,,False,True,False,False,,high
tests/test_exp071_full_prefix_logit_drift_smoke.py,test,V-lineage,Experiment (research arc),Automated contract/regression test.,,False,True,False,False,,high
tests/test_exp072_full_depth_divergence_trace.py,test,V-lineage,Experiment (research arc),Automated contract/regression test.,,False,True,False,False,,high
tests/test_exp073_qwen_family_divergence_panel.py,test,V-lineage,Experiment (research arc),Automated contract/regression test.,,False,True,False,False,,high
tests/test_exp074_attention_tolerance_policy_panel.py,test,V-lineage,Experiment (research arc),Automated contract/regression test.,,False,True,False,False,,high
tests/test_exp075_generation_shadow_wiring_review.py,test,V-lineage,Experiment (research arc),Automated contract/regression test.,,False,True,False,False,,high
tests/test_exp076_generation_shadow_observer_smoke.py,test,V-lineage,Experiment (research arc),Automated contract/regression test.,,False,True,False,False,,high
tests/test_exp077_generation_shadow_prompt_plus_generated_panel.py,test,V-lineage,Experiment (research arc),Automated contract/regression test.,,False,True,False,False,,high
tests/test_exp078_generation_shadow_expanded_panel.py,test,V-lineage,Experiment (research arc),Automated contract/regression test.,,False,True,False,False,,high
tests/test_exp079_decode_prefix_ladder_shadow_observer.py,test,V-lineage,Experiment (research arc),Automated contract/regression test.,,False,True,False,False,,high
tests/test_exp080_round_log_shadow_observer.py,test,V-lineage,Experiment (research arc),Automated contract/regression test.,,False,True,False,False,,high
tests/test_exp081_live_round_observer_smoke.py,test,V-lineage,Experiment (research arc),Automated contract/regression test.,,False,True,False,False,,high
tests/test_exp082_live_observer_shadow_panel.py,test,V-lineage,Experiment (research arc),Automated contract/regression test.,,False,True,False,False,,high
tests/test_exp083_guarded_decode_time_shadow_smoke.py,test,V-lineage,Experiment (research arc),Automated contract/regression test.,,False,True,False,False,,high
tests/test_exp084_guarded_decode_time_shadow_panel.py,test,V-lineage,Experiment (research arc),Automated contract/regression test.,,False,True,False,False,,high
tests/test_exp085_phase16_closeout_summary.py,test,V-lineage,Experiment (research arc),Automated contract/regression test.,,False,True,False,False,,high
tests/test_exp086_claim_safe_demo_packaging.py,test,V-lineage,Experiment (research arc),Automated contract/regression test.,,False,True,False,False,,high
tests/test_exp087_broader_model_validation_panel.py,test,V-lineage,Experiment (research arc),Automated contract/regression test.,,False,True,False,False,,high
tests/test_exp088_long_context_validation_panel.py,test,V-lineage,Experiment (research arc),Automated contract/regression test.,,False,True,False,False,,high
tests/test_exp089_integration_design_review.py,test,V-lineage,Experiment (research arc),Automated contract/regression test.,,False,True,False,False,,high
tests/test_exp090_integration_safety_spec.py,test,V-lineage,Experiment (research arc),Automated contract/regression test.,,False,True,False,False,,high
tests/test_exp091_guarded_draft_shadow_no_commit_scaffold.py,test,V-lineage,Experiment (research arc),Automated contract/regression test.,,False,True,False,False,,high
tests/test_exp092_guarded_draft_shadow_panel_validation.py,test,V-lineage,Experiment (research arc),Automated contract/regression test.,,False,True,False,False,,high
tests/test_exp093_shadow_top1_extraction_hardening.py,test,V-lineage,Experiment (research arc),Automated contract/regression test.,,False,True,False,False,,high
tests/test_exp094_shadow_proposal_provenance_audit.py,test,V-lineage,Experiment (research arc),Automated contract/regression test.,,False,True,False,False,,high
tests/test_exp095_round_log_draft_proposal_source.py,test,V-lineage,Experiment (research arc),Automated contract/regression test.,,False,True,False,False,,high
tests/test_exp096_round_log_proposal_source_comparison_panel.py,test,V-lineage,Experiment (research arc),Automated contract/regression test.,,False,True,False,False,,high
tests/test_exp097_l3_promoted_source_validation.py,test,V-lineage,Experiment (research arc),Automated contract/regression test.,,False,True,False,False,,high
tests/test_exp098_pre_l4_safety_gate_review.py,test,V-lineage,Experiment (research arc),Automated contract/regression test.,,False,True,False,False,,high
tests/test_exp099_l4_verifier_mediated_design_spec.py,test,V-lineage,Experiment (research arc),Automated contract/regression test.,,False,True,False,False,,high
tests/test_exp100_l4_contract_tests_no_runtime.py,test,V-lineage,Experiment (research arc),Automated contract/regression test.,,False,True,False,False,,high
tests/test_exp101_l4_integration_plan_review.py,test,V-lineage,Experiment (research arc),Automated contract/regression test.,,False,True,False,False,,high
tests/test_exp102_l4_noop_opt_in_scaffold.py,test,V-lineage,Experiment (research arc),Automated contract/regression test.,,False,True,False,False,,high
tests/test_exp103_l4_noop_scaffold_panel_validation.py,test,V-lineage,Experiment (research arc),Automated contract/regression test.,,False,True,False,False,,high
tests/test_exp104_l4_trace_only_dry_run_design.py,test,V-lineage,Experiment (research arc),Automated contract/regression test.,,False,True,False,False,,high
tests/test_exp105_l4_trace_only_dry_run_scaffold.py,test,V-lineage,Experiment (research arc),Automated contract/regression test.,,False,True,False,False,,high
tests/test_exp106_l4_trace_only_dry_run_panel_validation.py,test,V-lineage,Experiment (research arc),Automated contract/regression test.,,False,True,False,False,,high
tests/test_exp107_l4_verifier_evidence_trace_schema_design.py,test,V-lineage,Experiment (research arc),Automated contract/regression test.,,False,True,False,False,,high
tests/test_exp108_l4_verifier_evidence_trace_schema_scaffold.py,test,V-lineage,Experiment (research arc),Automated contract/regression test.,,False,True,False,False,,high
tests/test_exp109_l4_verifier_trace_schema_example_validation.py,test,V-lineage,Experiment (research arc),Automated contract/regression test.,,False,True,False,False,,high
tests/test_exp110_l4_trace_schema_adversarial_injection_panel.py,test,V-lineage,Experiment (research arc),Automated contract/regression test.,,False,True,False,False,,high
tests/test_exp111_l4_verifier_runtime_instrumentation_design.py,test,V-lineage,Experiment (research arc),Automated contract/regression test.,,False,True,False,False,,high
tests/test_exp112_l4_stage3_verifier_mediated_dry_run_design.py,test,V-lineage,Experiment (research arc),Automated contract/regression test.,,False,True,False,False,,high
tests/test_exp113_l4_stage3_verifier_mediated_dry_run_scaffold.py,test,V-lineage,Experiment (research arc),Automated contract/regression test.,,False,True,False,False,,high
tests/test_exp114_l4_minimal_runtime_coupling_panel.py,test,V-lineage,Experiment (research arc),Automated contract/regression test.,,False,True,False,False,,high
tests/test_exp115_l4_runtime_coupling_stress_panel.py,test,V-lineage,Experiment (research arc),Automated contract/regression test.,,False,True,False,False,,high
tests/test_exp116_instability_regime_extraction.py,test,V-lineage,Experiment (research arc),Automated contract/regression test.,,False,True,False,False,,high
tests/test_exp117_l4_instability_visualization_engine.py,test,V-lineage,Experiment (research arc),Automated contract/regression test.,,False,True,False,False,,high
tests/test_experimental_restored_verifier_cli.py,test,unknown,,Automated contract/regression test.,,False,False,False,False,,high
tests/test_experimental_restored_verifier_runtime.py,test,unknown,,Automated contract/regression test.,,False,False,False,False,,high
tests/test_extended_verification_scheduler.py,test,unknown,,Automated contract/regression test.,,False,False,False,False,,high
tests/test_full_generation.py,test,unknown,,Automated contract/regression test.,,False,False,False,False,,high
tests/test_full_kv_storage_manager.py,test,unknown,,Automated contract/regression test.,,False,False,False,False,,high
tests/test_generation_shadow_observer.py,test,unknown,,Automated contract/regression test.,,False,True,False,False,,high
tests/test_generation_shadow_review.py,test,unknown,,Automated contract/regression test.,,False,True,False,False,,high
tests/test_gpu_memory_accounting.py,test,unknown,,Automated contract/regression test.,,False,False,False,False,,high
tests/test_gpu_memory_isolation_metrics.py,test,unknown,,Automated contract/regression test.,,False,False,False,False,,high
tests/test_gpu_memory_methodology.py,test,unknown,,Automated contract/regression test.,,False,False,False,False,,high
tests/test_hf_full_replay_probe.py,test,unknown,,Automated contract/regression test.,,False,False,False,False,,high
tests/test_hf_kv_restore.py,test,unknown,,Automated contract/regression test.,,False,False,False,False,,high
tests/test_hf_multilayer_probe.py,test,unknown,,Automated contract/regression test.,,False,False,False,False,,high
tests/test_hf_single_layer_probe.py,test,unknown,,Automated contract/regression test.,,False,False,False,False,,high
tests/test_hot_adapter_feasibility.py,test,unknown,,Automated contract/regression test.,,False,False,False,False,,high
tests/test_int4_sim_compressor.py,test,unknown,,Automated contract/regression test.,,False,False,False,False,,high
tests/test_int4_sim_exactkv.py,test,unknown,,Automated contract/regression test.,,False,False,False,False,,high
tests/test_int8_compressor.py,test,unknown,,Automated contract/regression test.,,False,False,False,False,,high
tests/test_int8_exactkv.py,test,unknown,,Automated contract/regression test.,,False,False,False,False,,high
tests/test_kivi_adapter.py,test,unknown,,Automated contract/regression test.,,False,False,False,False,,high
tests/test_kv_compression_kernel.py,test,unknown,,Automated contract/regression test.,,False,False,False,False,,high
tests/test_kv_probe_layer.py,test,unknown,,Automated contract/regression test.,,False,False,False,False,,high
tests/test_kvpress_knorm_validation.py,test,unknown,,Automated contract/regression test.,,False,False,False,False,,high
tests/test_kvpress_scaffold.py,test,unknown,,Automated contract/regression test.,,False,False,False,False,,high
tests/test_kvpress_snapkv_adapter.py,test,unknown,,Automated contract/regression test.,,False,False,False,False,,high
tests/test_kvquant_adapter.py,test,unknown,,Automated contract/regression test.,,False,False,False,False,,high
tests/test_launch_pack_artifacts.py,test,final launch,Phase K / launch package,Automated contract/regression test.,,False,False,False,False,,high
tests/test_layer_aware_sim_compressor.py,test,unknown,,Automated contract/regression test.,,False,False,False,False,,high
tests/test_leaderboard_asymmetric.py,test,unknown,,Automated contract/regression test.,,False,False,False,False,,high
tests/test_leaderboard_platform.py,test,unknown,,Automated contract/regression test.,,False,False,False,False,,high
tests/test_live_correction_demo.py,test,unknown,,Automated contract/regression test.,,False,False,False,False,,high
tests/test_live_round_observer.py,test,unknown,,Automated contract/regression test.,,False,False,False,False,,high
tests/test_llamacpp_subprocess.py,test,unknown,,Automated contract/regression test.,,False,False,False,False,,high
tests/test_lmcache_prototype_contract.py,test,unknown,,Automated contract/regression test.,,False,False,False,False,,high
tests/test_lossy_generation.py,test,unknown,,Automated contract/regression test.,,False,False,False,False,,high
tests/test_materialized_compressed_draft_backend.py,test,unknown,,Automated contract/regression test.,,False,False,False,False,,high
tests/test_metric_definitions.py,test,unknown,,Automated contract/regression test.,,False,False,False,False,,high
tests/test_metrics.py,test,unknown,,Automated contract/regression test.,,False,False,False,False,,high
tests/test_no_secret_leakage.py,test,unknown,,Automated contract/regression test.,,False,False,False,False,,high
tests/test_noop_exactkv.py,test,unknown,,Automated contract/regression test.,,False,False,False,False,,high
tests/test_novelty_audit.py,test,unknown,,Automated contract/regression test.,,False,False,False,False,,high
tests/test_offline_verifier_restore.py,test,unknown,,Automated contract/regression test.,,False,False,False,False,,high
tests/test_paper_panel_contract.py,test,unknown,,Automated contract/regression test.,,False,False,False,False,,high
tests/test_phase_a_scale_benchmark.py,test,unknown,,Automated contract/regression test.,,False,False,False,False,,high
tests/test_phase_h_plus_launch_layer.py,test,final launch,Phase K / launch package,Automated contract/regression test.,,False,False,False,False,,high
tests/test_prefill_helper.py,test,unknown,,Automated contract/regression test.,,False,False,False,False,,high
tests/test_project_lineage.py,test,unknown,,Automated contract/regression test.,,False,False,False,False,,high
tests/test_prompt_suites.py,test,unknown,,Automated contract/regression test.,,False,False,False,False,,high
tests/test_public_claim_safety.py,test,unknown,,Automated contract/regression test.,,False,False,False,False,,high
tests/test_public_claims_audit.py,test,unknown,,Automated contract/regression test.,,False,False,False,False,,high
tests/test_public_release_artifacts.py,test,final launch,Phase K / launch package,Automated contract/regression test.,,False,False,False,False,,high
tests/test_publication_layer.py,test,unknown,,Automated contract/regression test.,,False,False,False,False,,high
tests/test_release_docs_consistency.py,test,unknown,,Automated contract/regression test.,,False,False,False,False,,high
tests/test_release_evidence_integrity.py,test,release gate,Gate R0/R1/R2,Automated contract/regression test.,,False,False,False,False,,high
tests/test_remote_prefix_cache_semantics.py,test,unknown,,Automated contract/regression test.,,False,False,False,False,,high
tests/test_render_exactkv_crash_test_video.py,test,unknown,,Automated contract/regression test.,,False,False,False,False,,high
tests/test_render_public_visuals_036.py,test,unknown,,Automated contract/regression test.,,False,False,False,False,,high
tests/test_repair_policy.py,test,unknown,,Automated contract/regression test.,,False,False,False,False,,high
tests/test_report_hygiene.py,test,unknown,,Automated contract/regression test.,,False,False,False,False,,high
tests/test_reporting_examples.py,test,unknown,,Automated contract/regression test.,,False,False,False,False,,high
tests/test_reporting_histograms.py,test,unknown,,Automated contract/regression test.,,False,False,False,False,,high
tests/test_reporting_leaderboard.py,test,unknown,,Automated contract/regression test.,,False,False,False,False,,high
tests/test_reporting_markdown.py,test,unknown,,Automated contract/regression test.,,False,False,False,False,,high
tests/test_reporting_workspace_memory.py,test,unknown,,Automated contract/regression test.,,False,False,False,False,,high
tests/test_reports.py,test,unknown,,Automated contract/regression test.,,False,False,False,False,,high
tests/test_reports_asymmetric_fields.py,test,unknown,,Automated contract/regression test.,,False,False,False,False,,high
tests/test_reports_workspace_memory.py,test,unknown,,Automated contract/regression test.,,False,False,False,False,,high
tests/test_repro_script.py,test,unknown,,Automated contract/regression test.,,False,False,False,False,,high
tests/test_restored_verifier_runner.py,test,unknown,,Automated contract/regression test.,,False,False,False,False,,high
tests/test_search_longbench_style_drift_demo.py,test,unknown,,Automated contract/regression test.,,False,False,False,False,,high
tests/test_serving_cache_lifecycle.py,test,unknown,,Automated contract/regression test.,,False,True,False,False,,high
tests/test_serving_sidecar_probe.py,test,unknown,,Automated contract/regression test.,,False,True,False,False,,high
tests/test_shard_ablation_report.py,test,unknown,,Automated contract/regression test.,,False,False,False,False,,high
tests/test_shard_combined_stress_report.py,test,unknown,,Automated contract/regression test.,,False,False,False,False,,high
tests/test_shard_external_probe.py,test,unknown,,Automated contract/regression test.,,False,False,False,False,,high
tests/test_shard_stress_panel_report.py,test,unknown,,Automated contract/regression test.,,False,False,False,False,,high
tests/test_span_gpu_parity.py,test,unknown,,Automated contract/regression test.,,False,False,False,False,,high
tests/test_span_verification.py,test,unknown,,Automated contract/regression test.,,False,False,False,False,,high
tests/test_spectralquant_adapter_smoke.py,test,unknown,,Automated contract/regression test.,,False,False,False,False,,high
tests/test_spectralquant_probe.py,test,unknown,,Automated contract/regression test.,,False,False,False,False,,high
tests/test_spectralquant_real_kv_smoke.py,test,unknown,,Automated contract/regression test.,,False,False,False,False,,high
tests/test_spectralquant_restricted_panel.py,test,unknown,,Automated contract/regression test.,,False,False,False,False,,high
tests/test_streaming_quant_attention.py,test,unknown,,Automated contract/regression test.,,False,False,False,False,,high
tests/test_sweeps.py,test,unknown,,Automated contract/regression test.,,False,False,False,False,,high
tests/test_throughput_benchmark_contract.py,test,unknown,,Automated contract/regression test.,,False,False,False,False,,high
tests/test_timing_metrics.py,test,unknown,,Automated contract/regression test.,,False,False,False,False,,high
tests/test_triton_kv_compression_kernel.py,test,unknown,,Automated contract/regression test.,,False,False,False,False,,high
tests/test_turboquant_adapter.py,test,unknown,,Automated contract/regression test.,,False,False,False,False,,high
tests/test_unified_benchmark_platform.py,test,unknown,,Automated contract/regression test.,,False,False,False,False,,high
tests/test_unified_truth_engine.py,test,unknown,,Automated contract/regression test.,,False,False,False,False,,high
tests/test_v10_prompt_suites.py,test,unknown,,Automated contract/regression test.,,False,False,False,False,,high
tests/test_vericache_parity_claim_gate.py,test,unknown,,Automated contract/regression test.,,False,False,False,False,,high
tests/test_vericache_parity_docs.py,test,unknown,,Automated contract/regression test.,,False,False,False,False,,high
tests/test_verification_engine.py,test,unknown,,Automated contract/regression test.,,False,False,False,False,,high
tests/test_visualize_experiment_035.py,test,unknown,,Automated contract/regression test.,,False,True,False,False,,high
tests/test_vllm_api_surface_recon.py,test,unknown,,Automated contract/regression test.,,False,True,False,False,,high
tests/test_vllm_feasibility_probe.py,test,unknown,,Automated contract/regression test.,,False,True,False,False,,high
tests/test_vllm_kv_visibility.py,test,unknown,,Automated contract/regression test.,,False,True,False,False,,high
tests/test_vllm_prototype_contract.py,test,unknown,,Automated contract/regression test.,,False,True,False,False,,high
tests/test_workspace_memory_summary.py,test,unknown,,Automated contract/regression test.,,False,False,False,False,,high
